[{"model": "admin.logentry", "pk": 1, "fields": {"action_time": "2021-07-19T14:28:43.060Z", "user": 1, "content_type": 6, "object_id": "1", "object_repr": "Shirts", "action_flag": 1, "change_message": "[{\"added\": {}}]"}}, {"model": "admin.logentry", "pk": 2, "fields": {"action_time": "2021-07-19T14:30:09.301Z", "user": 1, "content_type": 6, "object_id": "2", "object_repr": "T-shirts", "action_flag": 1, "change_message": "[{\"added\": {}}]"}}, {"model": "admin.logentry", "pk": 3, "fields": {"action_time": "2021-07-19T14:30:48.532Z", "user": 1, "content_type": 6, "object_id": "3", "object_repr": "Shoes", "action_flag": 1, "change_message": "[{\"added\": {}}]"}}, {"model": "admin.logentry", "pk": 4, "fields": {"action_time": "2021-07-19T14:32:06.511Z", "user": 1, "content_type": 6, "object_id": "4", "object_repr": "Jeans", "action_flag": 1, "change_message": "[{\"added\": {}}]"}}, {"model": "admin.logentry", "pk": 5, "fields": {"action_time": "2021-07-19T14:32:32.429Z", "user": 1, "content_type": 6, "object_id": "5", "object_repr": "Jackets", "action_flag": 1, "change_message": "[{\"added\": {}}]"}}, {"model": "admin.logentry", "pk": 6, "fields": {"action_time": "2021-07-19T15:20:17.026Z", "user": 1, "content_type": 8, "object_id": "1", "object_repr": "Columbia Men's Ascender Softshell Jacket, Water & Wind Resistant", "action_flag": 1, "change_message": "[{\"added\": {}}]"}}, {"model": "admin.logentry", "pk": 7, "fields": {"action_time": "2021-07-19T15:21:41.258Z", "user": 1, "content_type": 8, "object_id": "2", "object_repr": "Columbia Women's Arcadia Ii Jacket", "action_flag": 1, "change_message": "[{\"added\": {}}]"}}, {"model": "admin.logentry", "pk": 8, "fields": {"action_time": "2021-07-19T15:22:28.351Z", "user": 1, "content_type": 8, "object_id": "3", "object_repr": "Columbia Men's Glennaker Lake Jacket", "action_flag": 1, "change_message": "[{\"added\": {}}]"}}, {"model": "admin.logentry", "pk": 9, "fields": {"action_time": "2021-07-19T15:23:31.419Z", "user": 1, "content_type": 8, "object_id": "4", "object_repr": "URBANFIND Men's Slim Fit Lightweight Sportswear Jacket Casual Bomber Jacket", "action_flag": 1, "change_message": "[{\"added\": {}}]"}}, {"model": "admin.logentry", "pk": 10, "fields": {"action_time": "2021-07-19T15:24:35.368Z", "user": 1, "content_type": 8, "object_id": "5", "object_repr": "Columbia Men's Watertight Ii Jacket", "action_flag": 1, "change_message": "[{\"added\": {}}]"}}, {"model": "admin.logentry", "pk": 11, "fields": {"action_time": "2021-07-19T15:30:38.369Z", "user": 1, "content_type": 8, "object_id": "6", "object_repr": "Wrangler Authentics Men's Classic 5-Pocket Regular Fit Cotton Jean", "action_flag": 1, "change_message": "[{\"added\": {}}]"}}, {"model": "admin.logentry", "pk": 12, "fields": {"action_time": "2021-07-19T15:31:38.810Z", "user": 1, "content_type": 8, "object_id": "7", "object_repr": "Wrangler Authentics Men's Classic 5-Pocket Relaxed Fit Cotton Jean", "action_flag": 1, "change_message": "[{\"added\": {}}]"}}, {"model": "admin.logentry", "pk": 13, "fields": {"action_time": "2021-07-19T15:32:47.791Z", "user": 1, "content_type": 8, "object_id": "8", "object_repr": "Wrangler Authentics Men's Classic 5-Pocket Regular Fit Flex Jean", "action_flag": 1, "change_message": "[{\"added\": {}}]"}}, {"model": "admin.logentry", "pk": 14, "fields": {"action_time": "2021-07-19T15:34:07.650Z", "user": 1, "content_type": 8, "object_id": "9", "object_repr": "Liverpool Men's Regent Relaxed Straight with Coolmax Jeans", "action_flag": 1, "change_message": "[{\"added\": {}}]"}}, {"model": "admin.logentry", "pk": 15, "fields": {"action_time": "2021-07-19T15:35:17.677Z", "user": 1, "content_type": 8, "object_id": "10", "object_repr": "Amazon Essentials Men's Skinny-fit Stretch Jean", "action_flag": 1, "change_message": "[{\"added\": {}}]"}}, {"model": "admin.logentry", "pk": 16, "fields": {"action_time": "2021-07-19T15:37:15.714Z", "user": 1, "content_type": 8, "object_id": "11", "object_repr": "New Balance Men's 481 V3 Trail Running Shoe", "action_flag": 1, "change_message": "[{\"added\": {}}]"}}, {"model": "admin.logentry", "pk": 17, "fields": {"action_time": "2021-07-19T15:38:05.142Z", "user": 1, "content_type": 8, "object_id": "12", "object_repr": "adidas Men's Daily 3.0 Skate Shoe", "action_flag": 1, "change_message": "[{\"added\": {}}]"}}, {"model": "admin.logentry", "pk": 18, "fields": {"action_time": "2021-07-19T15:39:03.141Z", "user": 1, "content_type": 8, "object_id": "13", "object_repr": "adidas Women's Cloudfoam Pure Running Shoe", "action_flag": 1, "change_message": "[{\"added\": {}}]"}}, {"model": "admin.logentry", "pk": 19, "fields": {"action_time": "2021-07-19T15:40:55.806Z", "user": 1, "content_type": 8, "object_id": "14", "object_repr": "Under Armour Men's Charged Assert 8 Mrble Running Shoe", "action_flag": 1, "change_message": "[{\"added\": {}}]"}}, {"model": "admin.logentry", "pk": 20, "fields": {"action_time": "2021-07-19T15:43:19.062Z", "user": 1, "content_type": 8, "object_id": "15", "object_repr": "PUMA Men's Tazon 6 Fade Cross-Trainer Shoe", "action_flag": 1, "change_message": "[{\"added\": {}}]"}}, {"model": "admin.logentry", "pk": 21, "fields": {"action_time": "2021-07-19T15:45:06.127Z", "user": 1, "content_type": 8, "object_id": "16", "object_repr": "MAGCOMSEN Men's Polo Shirt Quick Dry Performance Long and Short Sleeve", "action_flag": 1, "change_message": "[{\"added\": {}}]"}}, {"model": "admin.logentry", "pk": 22, "fields": {"action_time": "2021-07-19T15:45:56.113Z", "user": 1, "content_type": 8, "object_id": "17", "object_repr": "Nike Sportswear Men's Logo T-Shirt", "action_flag": 1, "change_message": "[{\"added\": {}}]"}}, {"model": "admin.logentry", "pk": 23, "fields": {"action_time": "2021-07-19T15:46:46.605Z", "user": 1, "content_type": 8, "object_id": "18", "object_repr": "Under Armour Men's Tech 2.0 Short-Sleeve T-Shirt", "action_flag": 1, "change_message": "[{\"added\": {}}]"}}, {"model": "admin.logentry", "pk": 24, "fields": {"action_time": "2021-07-19T15:47:53.235Z", "user": 1, "content_type": 8, "object_id": "19", "object_repr": "BALEAF Men's Long Sleeve Shirts Lightweight UPF 50+ Sun Protection SPF T-Shirts Fishing Hiking Running", "action_flag": 1, "change_message": "[{\"added\": {}}]"}}, {"model": "admin.logentry", "pk": 25, "fields": {"action_time": "2021-07-19T15:49:36.513Z", "user": 1, "content_type": 8, "object_id": "20", "object_repr": "Gildan Men's Ultra Cotton T-Shirt, Style G2000, 2-Pack", "action_flag": 1, "change_message": "[{\"added\": {}}]"}}, {"model": "admin.logentry", "pk": 26, "fields": {"action_time": "2021-07-19T15:51:08.317Z", "user": 1, "content_type": 8, "object_id": "21", "object_repr": "ATG by Wrangler Men's Long Sleeve Mixed Material Shirt", "action_flag": 1, "change_message": "[{\"added\": {}}]"}}, {"model": "admin.logentry", "pk": 27, "fields": {"action_time": "2021-07-19T15:52:02.766Z", "user": 1, "content_type": 8, "object_id": "22", "object_repr": "Columbia Men's Bahama Ii Short Sleeve Shirt", "action_flag": 1, "change_message": "[{\"added\": {}}]"}}, {"model": "admin.logentry", "pk": 28, "fields": {"action_time": "2021-07-19T15:52:57.883Z", "user": 1, "content_type": 8, "object_id": "23", "object_repr": "Hurley Men's One and Only Textured Short Sleeve Button Up", "action_flag": 1, "change_message": "[{\"added\": {}}]"}}, {"model": "admin.logentry", "pk": 29, "fields": {"action_time": "2021-07-19T15:55:48.287Z", "user": 1, "content_type": 8, "object_id": "24", "object_repr": "Columbia Men's Bahama II Long Sleeve Shirt", "action_flag": 1, "change_message": "[{\"added\": {}}]"}}, {"model": "admin.logentry", "pk": 30, "fields": {"action_time": "2021-07-19T15:56:30.215Z", "user": 1, "content_type": 8, "object_id": "25", "object_repr": "Amazon Essentials Men's Regular-fit Long-Sleeve Plaid Flannel Shirt", "action_flag": 1, "change_message": "[{\"added\": {}}]"}}, {"model": "admin.logentry", "pk": 31, "fields": {"action_time": "2021-07-20T10:17:53.159Z", "user": 1, "content_type": 8, "object_id": "19", "object_repr": "BALEAF Men's Long Sleeve Shirts Lightweight UPF 50+ Sun Protection", "action_flag": 2, "change_message": "[{\"changed\": {\"fields\": [\"Product name\"]}}]"}}, {"model": "admin.logentry", "pk": 32, "fields": {"action_time": "2021-07-20T13:46:59.858Z", "user": 1, "content_type": 8, "object_id": "1", "object_repr": "Columbia Men's Ascender Softshell Jacket, Water & Wind Resistant", "action_flag": 2, "change_message": "[{\"changed\": {\"fields\": [\"Stock\"]}}]"}}, {"model": "admin.logentry", "pk": 33, "fields": {"action_time": "2021-07-20T13:50:58.151Z", "user": 1, "content_type": 8, "object_id": "1", "object_repr": "Columbia Men's Ascender Softshell Jacket, Water & Wind Resistant", "action_flag": 2, "change_message": "[{\"changed\": {\"fields\": [\"Stock\"]}}]"}}, {"model": "admin.logentry", "pk": 34, "fields": {"action_time": "2021-07-21T15:13:33.846Z", "user": 1, "content_type": 11, "object_id": "1", "object_repr": "Variation object (1)", "action_flag": 1, "change_message": "[{\"added\": {}}]"}}, {"model": "admin.logentry", "pk": 35, "fields": {"action_time": "2021-07-21T15:14:07.454Z", "user": 1, "content_type": 11, "object_id": "1", "object_repr": "Variation object (1)", "action_flag": 2, "change_message": "[]"}}, {"model": "admin.logentry", "pk": 36, "fields": {"action_time": "2021-07-21T15:14:14.524Z", "user": 1, "content_type": 11, "object_id": "2", "object_repr": "Variation object (2)", "action_flag": 1, "change_message": "[{\"added\": {}}]"}}, {"model": "admin.logentry", "pk": 37, "fields": {"action_time": "2021-07-22T06:50:11.563Z", "user": 1, "content_type": 11, "object_id": "20", "object_repr": "Variation object (20)", "action_flag": 2, "change_message": "[{\"changed\": {\"fields\": [\"Variation value\"]}}]"}}, {"model": "admin.logentry", "pk": 38, "fields": {"action_time": "2021-07-22T06:51:06.780Z", "user": 1, "content_type": 11, "object_id": "111", "object_repr": "Variation object (111)", "action_flag": 2, "change_message": "[{\"changed\": {\"fields\": [\"Variation value\"]}}]"}}, {"model": "admin.logentry", "pk": 39, "fields": {"action_time": "2021-07-22T06:51:11.236Z", "user": 1, "content_type": 11, "object_id": "102", "object_repr": "Variation object (102)", "action_flag": 2, "change_message": "[{\"changed\": {\"fields\": [\"Variation value\"]}}]"}}, {"model": "admin.logentry", "pk": 40, "fields": {"action_time": "2021-07-22T06:51:16.760Z", "user": 1, "content_type": 11, "object_id": "87", "object_repr": "Variation object (87)", "action_flag": 2, "change_message": "[{\"changed\": {\"fields\": [\"Variation value\"]}}]"}}, {"model": "admin.logentry", "pk": 41, "fields": {"action_time": "2021-07-22T06:51:22.032Z", "user": 1, "content_type": 11, "object_id": "78", "object_repr": "Variation object (78)", "action_flag": 2, "change_message": "[{\"changed\": {\"fields\": [\"Variation value\"]}}]"}}, {"model": "admin.logentry", "pk": 42, "fields": {"action_time": "2021-07-22T06:51:26.916Z", "user": 1, "content_type": 11, "object_id": "70", "object_repr": "Variation object (70)", "action_flag": 2, "change_message": "[{\"changed\": {\"fields\": [\"Variation value\"]}}]"}}, {"model": "admin.logentry", "pk": 43, "fields": {"action_time": "2021-07-22T06:51:35.581Z", "user": 1, "content_type": 11, "object_id": "44", "object_repr": "Variation object (44)", "action_flag": 2, "change_message": "[{\"changed\": {\"fields\": [\"Variation value\"]}}]"}}, {"model": "admin.logentry", "pk": 44, "fields": {"action_time": "2021-07-22T06:51:49.466Z", "user": 1, "content_type": 11, "object_id": "102", "object_repr": "Variation object (102)", "action_flag": 2, "change_message": "[{\"changed\": {\"fields\": [\"Variation value\"]}}]"}}, {"model": "admin.logentry", "pk": 45, "fields": {"action_time": "2021-07-22T06:52:04.810Z", "user": 1, "content_type": 11, "object_id": "76", "object_repr": "Variation object (76)", "action_flag": 2, "change_message": "[{\"changed\": {\"fields\": [\"Variation value\"]}}]"}}, {"model": "admin.logentry", "pk": 46, "fields": {"action_time": "2021-07-22T09:01:14.069Z", "user": 1, "content_type": 9, "object_id": "19", "object_repr": "CartItem object (19)", "action_flag": 3, "change_message": ""}}, {"model": "admin.logentry", "pk": 47, "fields": {"action_time": "2021-07-22T09:01:14.094Z", "user": 1, "content_type": 9, "object_id": "18", "object_repr": "CartItem object (18)", "action_flag": 3, "change_message": ""}}, {"model": "admin.logentry", "pk": 48, "fields": {"action_time": "2021-07-22T09:01:14.136Z", "user": 1, "content_type": 9, "object_id": "17", "object_repr": "CartItem object (17)", "action_flag": 3, "change_message": ""}}, {"model": "admin.logentry", "pk": 49, "fields": {"action_time": "2021-07-22T09:01:14.178Z", "user": 1, "content_type": 9, "object_id": "16", "object_repr": "CartItem object (16)", "action_flag": 3, "change_message": ""}}, {"model": "admin.logentry", "pk": 50, "fields": {"action_time": "2021-07-22T13:07:22.013Z", "user": 1, "content_type": 7, "object_id": "2", "object_repr": "123123@asdf.com", "action_flag": 3, "change_message": ""}}, {"model": "admin.logentry", "pk": 51, "fields": {"action_time": "2021-07-22T13:07:22.038Z", "user": 1, "content_type": 7, "object_id": "3", "object_repr": "345@dasf.com", "action_flag": 3, "change_message": ""}}, {"model": "admin.logentry", "pk": 52, "fields": {"action_time": "2021-07-22T13:07:22.061Z", "user": 1, "content_type": 7, "object_id": "6", "object_repr": "fgh@dfhfg.com", "action_flag": 3, "change_message": ""}}, {"model": "admin.logentry", "pk": 53, "fields": {"action_time": "2021-07-22T13:07:22.104Z", "user": 1, "content_type": 7, "object_id": "4", "object_repr": "sdf345@dasf.com", "action_flag": 3, "change_message": ""}}, {"model": "admin.logentry", "pk": 54, "fields": {"action_time": "2021-07-22T13:07:22.127Z", "user": 1, "content_type": 7, "object_id": "5", "object_repr": "wstfgfg@sdgf.com", "action_flag": 3, "change_message": ""}}, {"model": "admin.logentry", "pk": 55, "fields": {"action_time": "2021-07-22T13:30:43.301Z", "user": 1, "content_type": 7, "object_id": "7", "object_repr": "sdvbw@sfg.com", "action_flag": 2, "change_message": "[{\"changed\": {\"fields\": [\"Is active\"]}}]"}}, {"model": "admin.logentry", "pk": 56, "fields": {"action_time": "2021-07-23T12:30:23.869Z", "user": 1, "content_type": 9, "object_id": "36", "object_repr": "CartItem object (36)", "action_flag": 3, "change_message": ""}}, {"model": "admin.logentry", "pk": 57, "fields": {"action_time": "2021-07-23T12:30:23.913Z", "user": 1, "content_type": 9, "object_id": "35", "object_repr": "CartItem object (35)", "action_flag": 3, "change_message": ""}}, {"model": "admin.logentry", "pk": 58, "fields": {"action_time": "2021-07-23T12:30:23.956Z", "user": 1, "content_type": 9, "object_id": "34", "object_repr": "CartItem object (34)", "action_flag": 3, "change_message": ""}}, {"model": "admin.logentry", "pk": 59, "fields": {"action_time": "2021-07-23T12:30:23.999Z", "user": 1, "content_type": 9, "object_id": "33", "object_repr": "CartItem object (33)", "action_flag": 3, "change_message": ""}}, {"model": "admin.logentry", "pk": 60, "fields": {"action_time": "2021-07-23T12:30:24.041Z", "user": 1, "content_type": 9, "object_id": "32", "object_repr": "CartItem object (32)", "action_flag": 3, "change_message": ""}}, {"model": "admin.logentry", "pk": 61, "fields": {"action_time": "2021-07-23T12:30:24.064Z", "user": 1, "content_type": 9, "object_id": "31", "object_repr": "CartItem object (31)", "action_flag": 3, "change_message": ""}}, {"model": "admin.logentry", "pk": 62, "fields": {"action_time": "2021-07-23T12:30:30.836Z", "user": 1, "content_type": 10, "object_id": "3", "object_repr": "31sfuvwnlu63iz4zqz6b14vwbhep9t78", "action_flag": 3, "change_message": ""}}, {"model": "admin.logentry", "pk": 63, "fields": {"action_time": "2021-07-23T12:30:30.879Z", "user": 1, "content_type": 10, "object_id": "2", "object_repr": "yk41rxpkug4gi9onrt78br0a6f2pdtc9", "action_flag": 3, "change_message": ""}}, {"model": "admin.logentry", "pk": 64, "fields": {"action_time": "2021-07-23T12:30:30.923Z", "user": 1, "content_type": 10, "object_id": "1", "object_repr": "qr0u7yds5455rpagdwqw5qm3enijm3cw", "action_flag": 3, "change_message": ""}}, {"model": "admin.logentry", "pk": 65, "fields": {"action_time": "2021-07-23T12:52:45.119Z", "user": 1, "content_type": 9, "object_id": "42", "object_repr": "CartItem object (42)", "action_flag": 3, "change_message": ""}}, {"model": "admin.logentry", "pk": 66, "fields": {"action_time": "2021-07-23T12:52:45.143Z", "user": 1, "content_type": 9, "object_id": "41", "object_repr": "CartItem object (41)", "action_flag": 3, "change_message": ""}}, {"model": "admin.logentry", "pk": 67, "fields": {"action_time": "2021-07-23T12:52:45.186Z", "user": 1, "content_type": 9, "object_id": "40", "object_repr": "CartItem object (40)", "action_flag": 3, "change_message": ""}}, {"model": "admin.logentry", "pk": 68, "fields": {"action_time": "2021-07-23T12:52:45.229Z", "user": 1, "content_type": 9, "object_id": "39", "object_repr": "CartItem object (39)", "action_flag": 3, "change_message": ""}}, {"model": "admin.logentry", "pk": 69, "fields": {"action_time": "2021-07-23T12:52:45.273Z", "user": 1, "content_type": 9, "object_id": "38", "object_repr": "CartItem object (38)", "action_flag": 3, "change_message": ""}}, {"model": "admin.logentry", "pk": 70, "fields": {"action_time": "2021-07-23T12:52:45.316Z", "user": 1, "content_type": 9, "object_id": "37", "object_repr": "CartItem object (37)", "action_flag": 3, "change_message": ""}}, {"model": "admin.logentry", "pk": 71, "fields": {"action_time": "2021-07-23T12:52:51.135Z", "user": 1, "content_type": 10, "object_id": "6", "object_repr": "oufgkad0pa7issu0h6syr1gvjcbhsptl", "action_flag": 3, "change_message": ""}}, {"model": "admin.logentry", "pk": 72, "fields": {"action_time": "2021-07-23T12:52:51.160Z", "user": 1, "content_type": 10, "object_id": "5", "object_repr": "wbiww3e7lcg00qvksxx8vlnkiuo63tao", "action_flag": 3, "change_message": ""}}, {"model": "admin.logentry", "pk": 73, "fields": {"action_time": "2021-07-23T12:52:51.184Z", "user": 1, "content_type": 10, "object_id": "4", "object_repr": "31sfuvwnlu63iz4zqz6b14vwbhep9t78", "action_flag": 3, "change_message": ""}}, {"model": "admin.logentry", "pk": 74, "fields": {"action_time": "2021-07-23T13:52:31.729Z", "user": 1, "content_type": 9, "object_id": "51", "object_repr": "CartItem object (51)", "action_flag": 3, "change_message": ""}}, {"model": "admin.logentry", "pk": 75, "fields": {"action_time": "2021-07-23T13:52:31.754Z", "user": 1, "content_type": 9, "object_id": "50", "object_repr": "CartItem object (50)", "action_flag": 3, "change_message": ""}}, {"model": "admin.logentry", "pk": 76, "fields": {"action_time": "2021-07-23T13:52:31.797Z", "user": 1, "content_type": 9, "object_id": "49", "object_repr": "CartItem object (49)", "action_flag": 3, "change_message": ""}}, {"model": "admin.logentry", "pk": 77, "fields": {"action_time": "2021-07-23T13:52:31.821Z", "user": 1, "content_type": 9, "object_id": "48", "object_repr": "CartItem object (48)", "action_flag": 3, "change_message": ""}}, {"model": "admin.logentry", "pk": 78, "fields": {"action_time": "2021-07-23T13:52:31.864Z", "user": 1, "content_type": 9, "object_id": "47", "object_repr": "CartItem object (47)", "action_flag": 3, "change_message": ""}}, {"model": "admin.logentry", "pk": 79, "fields": {"action_time": "2021-07-23T13:52:31.907Z", "user": 1, "content_type": 9, "object_id": "46", "object_repr": "CartItem object (46)", "action_flag": 3, "change_message": ""}}, {"model": "admin.logentry", "pk": 80, "fields": {"action_time": "2021-07-23T13:52:31.950Z", "user": 1, "content_type": 9, "object_id": "45", "object_repr": "CartItem object (45)", "action_flag": 3, "change_message": ""}}, {"model": "admin.logentry", "pk": 81, "fields": {"action_time": "2021-07-23T13:52:31.994Z", "user": 1, "content_type": 9, "object_id": "44", "object_repr": "CartItem object (44)", "action_flag": 3, "change_message": ""}}, {"model": "admin.logentry", "pk": 82, "fields": {"action_time": "2021-07-23T13:52:32.036Z", "user": 1, "content_type": 9, "object_id": "43", "object_repr": "CartItem object (43)", "action_flag": 3, "change_message": ""}}, {"model": "admin.logentry", "pk": 83, "fields": {"action_time": "2021-07-23T13:52:40.358Z", "user": 1, "content_type": 10, "object_id": "10", "object_repr": "bal4b3ftvb76u88vqu4lgmwo7r4we7az", "action_flag": 3, "change_message": ""}}, {"model": "admin.logentry", "pk": 84, "fields": {"action_time": "2021-07-23T13:52:40.386Z", "user": 1, "content_type": 10, "object_id": "9", "object_repr": "gslt8kpt5m5s9fbd0tbehhrxsgbyd343", "action_flag": 3, "change_message": ""}}, {"model": "admin.logentry", "pk": 85, "fields": {"action_time": "2021-07-23T13:52:40.429Z", "user": 1, "content_type": 10, "object_id": "8", "object_repr": "ou4b4d8xqf8vz8cngn66hrbctcctanwv", "action_flag": 3, "change_message": ""}}, {"model": "admin.logentry", "pk": 86, "fields": {"action_time": "2021-07-23T13:52:40.470Z", "user": 1, "content_type": 10, "object_id": "7", "object_repr": "i14gmu9dupxj6wsklrdm60alog39lsm6", "action_flag": 3, "change_message": ""}}, {"model": "admin.logentry", "pk": 87, "fields": {"action_time": "2021-07-23T14:06:42.388Z", "user": 1, "content_type": 10, "object_id": "11", "object_repr": "jtq3zjpeq1aprazg6wdgqwhn8y5bfguv", "action_flag": 3, "change_message": ""}}, {"model": "admin.logentry", "pk": 88, "fields": {"action_time": "2021-07-23T14:07:57.804Z", "user": 1, "content_type": 10, "object_id": "12", "object_repr": "jtq3zjpeq1aprazg6wdgqwhn8y5bfguv", "action_flag": 3, "change_message": ""}}, {"model": "admin.logentry", "pk": 89, "fields": {"action_time": "2021-07-23T14:08:04.031Z", "user": 1, "content_type": 9, "object_id": "56", "object_repr": "CartItem object (56)", "action_flag": 3, "change_message": ""}}, {"model": "admin.logentry", "pk": 90, "fields": {"action_time": "2021-07-23T14:08:36.843Z", "user": 1, "content_type": 9, "object_id": "58", "object_repr": "CartItem object (58)", "action_flag": 3, "change_message": ""}}, {"model": "admin.logentry", "pk": 91, "fields": {"action_time": "2021-07-23T14:08:36.871Z", "user": 1, "content_type": 9, "object_id": "57", "object_repr": "CartItem object (57)", "action_flag": 3, "change_message": ""}}, {"model": "admin.logentry", "pk": 92, "fields": {"action_time": "2021-07-23T14:09:30.717Z", "user": 1, "content_type": 9, "object_id": "60", "object_repr": "CartItem object (60)", "action_flag": 3, "change_message": ""}}, {"model": "admin.logentry", "pk": 93, "fields": {"action_time": "2021-07-23T14:09:30.743Z", "user": 1, "content_type": 9, "object_id": "59", "object_repr": "CartItem object (59)", "action_flag": 3, "change_message": ""}}, {"model": "admin.logentry", "pk": 94, "fields": {"action_time": "2021-07-23T14:32:20.003Z", "user": 1, "content_type": 9, "object_id": "62", "object_repr": "CartItem object (62)", "action_flag": 3, "change_message": ""}}, {"model": "admin.logentry", "pk": 95, "fields": {"action_time": "2021-07-23T14:32:20.028Z", "user": 1, "content_type": 9, "object_id": "61", "object_repr": "CartItem object (61)", "action_flag": 3, "change_message": ""}}, {"model": "admin.logentry", "pk": 96, "fields": {"action_time": "2021-07-23T15:02:31.033Z", "user": 1, "content_type": 9, "object_id": "65", "object_repr": "CartItem object (65)", "action_flag": 3, "change_message": ""}}, {"model": "admin.logentry", "pk": 97, "fields": {"action_time": "2021-07-23T15:02:31.059Z", "user": 1, "content_type": 9, "object_id": "64", "object_repr": "CartItem object (64)", "action_flag": 3, "change_message": ""}}, {"model": "admin.logentry", "pk": 98, "fields": {"action_time": "2021-07-23T15:02:31.102Z", "user": 1, "content_type": 9, "object_id": "63", "object_repr": "CartItem object (63)", "action_flag": 3, "change_message": ""}}, {"model": "admin.logentry", "pk": 99, "fields": {"action_time": "2021-07-23T15:03:47.849Z", "user": 1, "content_type": 10, "object_id": "15", "object_repr": "ym3rodcocrhphc3cjmyvbgkch1he4kku", "action_flag": 3, "change_message": ""}}, {"model": "admin.logentry", "pk": 100, "fields": {"action_time": "2021-07-23T15:03:47.872Z", "user": 1, "content_type": 10, "object_id": "14", "object_repr": "umdz25smyvdm5j1krjvd8baq44s2mfo9", "action_flag": 3, "change_message": ""}}, {"model": "admin.logentry", "pk": 101, "fields": {"action_time": "2021-07-23T15:03:47.916Z", "user": 1, "content_type": 10, "object_id": "13", "object_repr": "e1cpmd96tgydmxigyh4dtxrg1q4lemji", "action_flag": 3, "change_message": ""}}, {"model": "admin.logentry", "pk": 102, "fields": {"action_time": "2021-07-23T15:03:55.590Z", "user": 1, "content_type": 9, "object_id": "68", "object_repr": "CartItem object (68)", "action_flag": 3, "change_message": ""}}, {"model": "admin.logentry", "pk": 103, "fields": {"action_time": "2021-07-23T15:03:55.615Z", "user": 1, "content_type": 9, "object_id": "67", "object_repr": "CartItem object (67)", "action_flag": 3, "change_message": ""}}, {"model": "admin.logentry", "pk": 104, "fields": {"action_time": "2021-07-23T15:06:43.826Z", "user": 1, "content_type": 9, "object_id": "72", "object_repr": "CartItem object (72)", "action_flag": 3, "change_message": ""}}, {"model": "admin.logentry", "pk": 105, "fields": {"action_time": "2021-07-23T15:06:43.850Z", "user": 1, "content_type": 9, "object_id": "71", "object_repr": "CartItem object (71)", "action_flag": 3, "change_message": ""}}, {"model": "admin.logentry", "pk": 106, "fields": {"action_time": "2021-07-23T15:06:43.892Z", "user": 1, "content_type": 9, "object_id": "70", "object_repr": "CartItem object (70)", "action_flag": 3, "change_message": ""}}, {"model": "admin.logentry", "pk": 107, "fields": {"action_time": "2021-07-23T15:06:43.934Z", "user": 1, "content_type": 9, "object_id": "69", "object_repr": "CartItem object (69)", "action_flag": 3, "change_message": ""}}, {"model": "admin.logentry", "pk": 108, "fields": {"action_time": "2021-07-23T15:06:50.366Z", "user": 1, "content_type": 10, "object_id": "17", "object_repr": "cvd6x45mgwahwmue30704ohxt3b6f0z1", "action_flag": 3, "change_message": ""}}, {"model": "admin.logentry", "pk": 109, "fields": {"action_time": "2021-07-23T15:06:50.396Z", "user": 1, "content_type": 10, "object_id": "16", "object_repr": "6as2dr26dpateb1znt0y7tevmeveb0r2", "action_flag": 3, "change_message": ""}}, {"model": "admin.logentry", "pk": 110, "fields": {"action_time": "2021-07-23T15:12:20.258Z", "user": 1, "content_type": 9, "object_id": "74", "object_repr": "CartItem object (74)", "action_flag": 3, "change_message": ""}}, {"model": "admin.logentry", "pk": 111, "fields": {"action_time": "2021-07-23T15:12:20.285Z", "user": 1, "content_type": 9, "object_id": "73", "object_repr": "CartItem object (73)", "action_flag": 3, "change_message": ""}}, {"model": "admin.logentry", "pk": 112, "fields": {"action_time": "2021-07-23T15:12:25.946Z", "user": 1, "content_type": 10, "object_id": "18", "object_repr": "94xz1k2zendoy7fkjyazpickliutj8np", "action_flag": 3, "change_message": ""}}, {"model": "admin.logentry", "pk": 113, "fields": {"action_time": "2021-07-23T15:18:15.555Z", "user": 1, "content_type": 10, "object_id": "19", "object_repr": "5dlhwv69f9b6ai1eqks9vfkrb5t2zsa3", "action_flag": 3, "change_message": ""}}, {"model": "admin.logentry", "pk": 114, "fields": {"action_time": "2021-07-23T15:18:22.285Z", "user": 1, "content_type": 9, "object_id": "76", "object_repr": "CartItem object (76)", "action_flag": 3, "change_message": ""}}, {"model": "admin.logentry", "pk": 115, "fields": {"action_time": "2021-07-23T15:21:55.079Z", "user": 1, "content_type": 9, "object_id": "78", "object_repr": "CartItem object (78)", "action_flag": 3, "change_message": ""}}, {"model": "admin.logentry", "pk": 116, "fields": {"action_time": "2021-07-23T15:21:55.108Z", "user": 1, "content_type": 9, "object_id": "77", "object_repr": "CartItem object (77)", "action_flag": 3, "change_message": ""}}, {"model": "admin.logentry", "pk": 117, "fields": {"action_time": "2021-07-23T15:22:00.374Z", "user": 1, "content_type": 10, "object_id": "20", "object_repr": "8sht1e5mh5hajr61x7kkubd6cxqod6sf", "action_flag": 3, "change_message": ""}}, {"model": "admin.logentry", "pk": 118, "fields": {"action_time": "2021-07-23T15:27:41.147Z", "user": 1, "content_type": 10, "object_id": "21", "object_repr": "8mmps61bkoftkw1gnov270d63fkc7ix4", "action_flag": 3, "change_message": ""}}, {"model": "admin.logentry", "pk": 119, "fields": {"action_time": "2021-07-23T15:27:45.933Z", "user": 1, "content_type": 9, "object_id": "80", "object_repr": "CartItem object (80)", "action_flag": 3, "change_message": ""}}, {"model": "admin.logentry", "pk": 120, "fields": {"action_time": "2021-07-23T15:30:10.307Z", "user": 1, "content_type": 9, "object_id": "82", "object_repr": "CartItem object (82)", "action_flag": 3, "change_message": ""}}, {"model": "admin.logentry", "pk": 121, "fields": {"action_time": "2021-07-23T15:30:10.345Z", "user": 1, "content_type": 9, "object_id": "81", "object_repr": "CartItem object (81)", "action_flag": 3, "change_message": ""}}, {"model": "admin.logentry", "pk": 122, "fields": {"action_time": "2021-07-23T15:30:16.752Z", "user": 1, "content_type": 10, "object_id": "22", "object_repr": "1rtdq7riu1aet0hxsx9qvrqndf8ro80n", "action_flag": 3, "change_message": ""}}, {"model": "admin.logentry", "pk": 123, "fields": {"action_time": "2021-07-23T15:43:08.333Z", "user": 1, "content_type": 10, "object_id": "25", "object_repr": "nqq2up494g0dpvoxopwwmlvhdp2q5m0w", "action_flag": 3, "change_message": ""}}, {"model": "admin.logentry", "pk": 124, "fields": {"action_time": "2021-07-23T15:43:08.359Z", "user": 1, "content_type": 10, "object_id": "24", "object_repr": "8hknvq1k5u0rg7e7bmdl3i4rhtciflxt", "action_flag": 3, "change_message": ""}}, {"model": "admin.logentry", "pk": 125, "fields": {"action_time": "2021-07-23T15:43:08.402Z", "user": 1, "content_type": 10, "object_id": "23", "object_repr": "wypv8upg29j6h22iqh4n7iwgo7sspklq", "action_flag": 3, "change_message": ""}}, {"model": "admin.logentry", "pk": 126, "fields": {"action_time": "2021-07-23T15:43:13.385Z", "user": 1, "content_type": 9, "object_id": "85", "object_repr": "CartItem object (85)", "action_flag": 3, "change_message": ""}}, {"model": "admin.logentry", "pk": 127, "fields": {"action_time": "2021-07-23T15:43:13.412Z", "user": 1, "content_type": 9, "object_id": "84", "object_repr": "CartItem object (84)", "action_flag": 3, "change_message": ""}}, {"model": "admin.logentry", "pk": 128, "fields": {"action_time": "2021-07-23T15:46:54.609Z", "user": 1, "content_type": 9, "object_id": "92", "object_repr": "CartItem object (92)", "action_flag": 3, "change_message": ""}}, {"model": "admin.logentry", "pk": 129, "fields": {"action_time": "2021-07-23T15:46:54.651Z", "user": 1, "content_type": 9, "object_id": "91", "object_repr": "CartItem object (91)", "action_flag": 3, "change_message": ""}}, {"model": "admin.logentry", "pk": 130, "fields": {"action_time": "2021-07-23T15:47:01.553Z", "user": 1, "content_type": 10, "object_id": "26", "object_repr": "kaqs7hgdqu3q43o7nd9iswylifpappx3", "action_flag": 3, "change_message": ""}}, {"model": "admin.logentry", "pk": 131, "fields": {"action_time": "2021-07-23T21:19:54.265Z", "user": 1, "content_type": 9, "object_id": "94", "object_repr": "CartItem object (94)", "action_flag": 3, "change_message": ""}}, {"model": "admin.logentry", "pk": 132, "fields": {"action_time": "2021-07-23T21:19:54.303Z", "user": 1, "content_type": 9, "object_id": "93", "object_repr": "CartItem object (93)", "action_flag": 3, "change_message": ""}}, {"model": "admin.logentry", "pk": 133, "fields": {"action_time": "2021-07-23T21:19:59.853Z", "user": 1, "content_type": 10, "object_id": "27", "object_repr": "cb6e63ts1fjhsszee1ssb40z45b9xqry", "action_flag": 3, "change_message": ""}}, {"model": "admin.logentry", "pk": 134, "fields": {"action_time": "2021-07-23T21:38:15.310Z", "user": 1, "content_type": 9, "object_id": "100", "object_repr": "CartItem object (100)", "action_flag": 3, "change_message": ""}}, {"model": "admin.logentry", "pk": 135, "fields": {"action_time": "2021-07-23T21:38:15.333Z", "user": 1, "content_type": 9, "object_id": "99", "object_repr": "CartItem object (99)", "action_flag": 3, "change_message": ""}}, {"model": "admin.logentry", "pk": 136, "fields": {"action_time": "2021-07-23T21:38:15.362Z", "user": 1, "content_type": 9, "object_id": "98", "object_repr": "CartItem object (98)", "action_flag": 3, "change_message": ""}}, {"model": "admin.logentry", "pk": 137, "fields": {"action_time": "2021-07-23T21:38:15.393Z", "user": 1, "content_type": 9, "object_id": "97", "object_repr": "CartItem object (97)", "action_flag": 3, "change_message": ""}}, {"model": "admin.logentry", "pk": 138, "fields": {"action_time": "2021-07-23T21:38:15.419Z", "user": 1, "content_type": 9, "object_id": "96", "object_repr": "CartItem object (96)", "action_flag": 3, "change_message": ""}}, {"model": "admin.logentry", "pk": 139, "fields": {"action_time": "2021-07-23T21:38:15.444Z", "user": 1, "content_type": 9, "object_id": "95", "object_repr": "CartItem object (95)", "action_flag": 3, "change_message": ""}}, {"model": "admin.logentry", "pk": 140, "fields": {"action_time": "2021-07-23T21:38:22.223Z", "user": 1, "content_type": 10, "object_id": "29", "object_repr": "cvkj5b3y7a7hydtzqjcco1cc0gcy3iov", "action_flag": 3, "change_message": ""}}, {"model": "admin.logentry", "pk": 141, "fields": {"action_time": "2021-07-23T21:38:22.264Z", "user": 1, "content_type": 10, "object_id": "28", "object_repr": "bk4y5w0mqf2rvtdejqr3ztjsaosu7q3p", "action_flag": 3, "change_message": ""}}, {"model": "admin.logentry", "pk": 142, "fields": {"action_time": "2021-07-25T10:00:30.351Z", "user": 1, "content_type": 9, "object_id": "115", "object_repr": "CartItem object (115)", "action_flag": 3, "change_message": ""}}, {"model": "admin.logentry", "pk": 143, "fields": {"action_time": "2021-07-25T10:00:30.386Z", "user": 1, "content_type": 9, "object_id": "114", "object_repr": "CartItem object (114)", "action_flag": 3, "change_message": ""}}, {"model": "admin.logentry", "pk": 144, "fields": {"action_time": "2021-07-25T10:00:30.429Z", "user": 1, "content_type": 9, "object_id": "113", "object_repr": "CartItem object (113)", "action_flag": 3, "change_message": ""}}, {"model": "admin.logentry", "pk": 145, "fields": {"action_time": "2021-07-25T10:00:30.471Z", "user": 1, "content_type": 9, "object_id": "112", "object_repr": "CartItem object (112)", "action_flag": 3, "change_message": ""}}, {"model": "admin.logentry", "pk": 146, "fields": {"action_time": "2021-07-25T10:00:30.513Z", "user": 1, "content_type": 9, "object_id": "111", "object_repr": "CartItem object (111)", "action_flag": 3, "change_message": ""}}, {"model": "admin.logentry", "pk": 147, "fields": {"action_time": "2021-07-25T10:00:30.555Z", "user": 1, "content_type": 9, "object_id": "110", "object_repr": "CartItem object (110)", "action_flag": 3, "change_message": ""}}, {"model": "admin.logentry", "pk": 148, "fields": {"action_time": "2021-07-25T10:00:30.597Z", "user": 1, "content_type": 9, "object_id": "109", "object_repr": "CartItem object (109)", "action_flag": 3, "change_message": ""}}, {"model": "admin.logentry", "pk": 149, "fields": {"action_time": "2021-07-25T10:00:30.639Z", "user": 1, "content_type": 9, "object_id": "108", "object_repr": "CartItem object (108)", "action_flag": 3, "change_message": ""}}, {"model": "admin.logentry", "pk": 150, "fields": {"action_time": "2021-07-25T10:00:30.681Z", "user": 1, "content_type": 9, "object_id": "107", "object_repr": "CartItem object (107)", "action_flag": 3, "change_message": ""}}, {"model": "admin.logentry", "pk": 151, "fields": {"action_time": "2021-07-25T10:00:30.724Z", "user": 1, "content_type": 9, "object_id": "106", "object_repr": "CartItem object (106)", "action_flag": 3, "change_message": ""}}, {"model": "admin.logentry", "pk": 152, "fields": {"action_time": "2021-07-25T10:00:30.767Z", "user": 1, "content_type": 9, "object_id": "105", "object_repr": "CartItem object (105)", "action_flag": 3, "change_message": ""}}, {"model": "admin.logentry", "pk": 153, "fields": {"action_time": "2021-07-25T10:00:30.799Z", "user": 1, "content_type": 9, "object_id": "104", "object_repr": "CartItem object (104)", "action_flag": 3, "change_message": ""}}, {"model": "admin.logentry", "pk": 154, "fields": {"action_time": "2021-07-25T10:00:30.822Z", "user": 1, "content_type": 9, "object_id": "103", "object_repr": "CartItem object (103)", "action_flag": 3, "change_message": ""}}, {"model": "admin.logentry", "pk": 155, "fields": {"action_time": "2021-07-25T10:00:30.865Z", "user": 1, "content_type": 9, "object_id": "102", "object_repr": "CartItem object (102)", "action_flag": 3, "change_message": ""}}, {"model": "admin.logentry", "pk": 156, "fields": {"action_time": "2021-07-25T10:00:30.907Z", "user": 1, "content_type": 9, "object_id": "101", "object_repr": "CartItem object (101)", "action_flag": 3, "change_message": ""}}, {"model": "admin.logentry", "pk": 157, "fields": {"action_time": "2021-07-25T10:00:36.946Z", "user": 1, "content_type": 10, "object_id": "31", "object_repr": "pvjbodnipkuujw8g5x48aosy5a6146sx", "action_flag": 3, "change_message": ""}}, {"model": "admin.logentry", "pk": 158, "fields": {"action_time": "2021-07-25T10:00:36.973Z", "user": 1, "content_type": 10, "object_id": "30", "object_repr": "nbo2p3ei7l7hzsy6jj92ofy4jmzsgzwp", "action_flag": 3, "change_message": ""}}, {"model": "admin.logentry", "pk": 159, "fields": {"action_time": "2021-07-25T10:07:14.976Z", "user": 1, "content_type": 9, "object_id": "118", "object_repr": "CartItem object (118)", "action_flag": 3, "change_message": ""}}, {"model": "admin.logentry", "pk": 160, "fields": {"action_time": "2021-07-25T10:07:15.004Z", "user": 1, "content_type": 9, "object_id": "117", "object_repr": "CartItem object (117)", "action_flag": 3, "change_message": ""}}, {"model": "admin.logentry", "pk": 161, "fields": {"action_time": "2021-07-25T10:07:15.048Z", "user": 1, "content_type": 9, "object_id": "116", "object_repr": "CartItem object (116)", "action_flag": 3, "change_message": ""}}, {"model": "admin.logentry", "pk": 162, "fields": {"action_time": "2021-07-25T10:07:22.764Z", "user": 1, "content_type": 10, "object_id": "32", "object_repr": "pvjbodnipkuujw8g5x48aosy5a6146sx", "action_flag": 3, "change_message": ""}}, {"model": "admin.logentry", "pk": 163, "fields": {"action_time": "2021-07-25T10:11:45.499Z", "user": 1, "content_type": 9, "object_id": "121", "object_repr": "CartItem object (121)", "action_flag": 3, "change_message": ""}}, {"model": "admin.logentry", "pk": 164, "fields": {"action_time": "2021-07-25T10:11:45.526Z", "user": 1, "content_type": 9, "object_id": "119", "object_repr": "CartItem object (119)", "action_flag": 3, "change_message": ""}}, {"model": "admin.logentry", "pk": 165, "fields": {"action_time": "2021-07-25T10:11:52.587Z", "user": 1, "content_type": 10, "object_id": "33", "object_repr": "pvjbodnipkuujw8g5x48aosy5a6146sx", "action_flag": 3, "change_message": ""}}, {"model": "admin.logentry", "pk": 166, "fields": {"action_time": "2021-07-25T10:24:15.033Z", "user": 1, "content_type": 9, "object_id": "130", "object_repr": "CartItem object (130)", "action_flag": 3, "change_message": ""}}, {"model": "admin.logentry", "pk": 167, "fields": {"action_time": "2021-07-25T10:24:15.062Z", "user": 1, "content_type": 9, "object_id": "129", "object_repr": "CartItem object (129)", "action_flag": 3, "change_message": ""}}, {"model": "admin.logentry", "pk": 168, "fields": {"action_time": "2021-07-25T10:24:15.105Z", "user": 1, "content_type": 9, "object_id": "128", "object_repr": "CartItem object (128)", "action_flag": 3, "change_message": ""}}, {"model": "admin.logentry", "pk": 169, "fields": {"action_time": "2021-07-25T10:24:15.147Z", "user": 1, "content_type": 9, "object_id": "125", "object_repr": "CartItem object (125)", "action_flag": 3, "change_message": ""}}, {"model": "admin.logentry", "pk": 170, "fields": {"action_time": "2021-07-25T10:24:15.191Z", "user": 1, "content_type": 9, "object_id": "124", "object_repr": "CartItem object (124)", "action_flag": 3, "change_message": ""}}, {"model": "admin.logentry", "pk": 171, "fields": {"action_time": "2021-07-25T10:24:15.234Z", "user": 1, "content_type": 9, "object_id": "123", "object_repr": "CartItem object (123)", "action_flag": 3, "change_message": ""}}, {"model": "admin.logentry", "pk": 172, "fields": {"action_time": "2021-07-25T10:24:15.276Z", "user": 1, "content_type": 9, "object_id": "122", "object_repr": "CartItem object (122)", "action_flag": 3, "change_message": ""}}, {"model": "admin.logentry", "pk": 173, "fields": {"action_time": "2021-07-25T10:24:22.293Z", "user": 1, "content_type": 10, "object_id": "34", "object_repr": "pvjbodnipkuujw8g5x48aosy5a6146sx", "action_flag": 3, "change_message": ""}}, {"model": "admin.logentry", "pk": 174, "fields": {"action_time": "2021-07-25T10:44:34.479Z", "user": 1, "content_type": 9, "object_id": "133", "object_repr": "CartItem object (133)", "action_flag": 3, "change_message": ""}}, {"model": "admin.logentry", "pk": 175, "fields": {"action_time": "2021-07-25T10:44:34.520Z", "user": 1, "content_type": 9, "object_id": "132", "object_repr": "CartItem object (132)", "action_flag": 3, "change_message": ""}}, {"model": "admin.logentry", "pk": 176, "fields": {"action_time": "2021-07-25T10:44:34.563Z", "user": 1, "content_type": 9, "object_id": "131", "object_repr": "CartItem object (131)", "action_flag": 3, "change_message": ""}}, {"model": "admin.logentry", "pk": 177, "fields": {"action_time": "2021-07-25T10:44:42.462Z", "user": 1, "content_type": 10, "object_id": "35", "object_repr": "pvjbodnipkuujw8g5x48aosy5a6146sx", "action_flag": 3, "change_message": ""}}, {"model": "admin.logentry", "pk": 178, "fields": {"action_time": "2021-07-25T10:45:51.619Z", "user": 1, "content_type": 9, "object_id": "135", "object_repr": "CartItem object (135)", "action_flag": 3, "change_message": ""}}, {"model": "admin.logentry", "pk": 179, "fields": {"action_time": "2021-07-25T10:45:51.645Z", "user": 1, "content_type": 9, "object_id": "134", "object_repr": "CartItem object (134)", "action_flag": 3, "change_message": ""}}, {"model": "admin.logentry", "pk": 180, "fields": {"action_time": "2021-07-25T10:45:58.120Z", "user": 1, "content_type": 10, "object_id": "36", "object_repr": "ck78kgfysimlcacy13qt4u2ele20jhmu", "action_flag": 3, "change_message": ""}}, {"model": "admin.logentry", "pk": 181, "fields": {"action_time": "2021-07-25T11:40:27.637Z", "user": 1, "content_type": 9, "object_id": "137", "object_repr": "CartItem object (137)", "action_flag": 3, "change_message": ""}}, {"model": "admin.logentry", "pk": 182, "fields": {"action_time": "2021-07-25T11:40:27.663Z", "user": 1, "content_type": 9, "object_id": "136", "object_repr": "CartItem object (136)", "action_flag": 3, "change_message": ""}}, {"model": "admin.logentry", "pk": 183, "fields": {"action_time": "2021-07-25T11:40:39.829Z", "user": 1, "content_type": 10, "object_id": "37", "object_repr": "ck78kgfysimlcacy13qt4u2ele20jhmu", "action_flag": 3, "change_message": ""}}, {"model": "admin.logentry", "pk": 184, "fields": {"action_time": "2021-07-27T10:28:52.819Z", "user": 1, "content_type": 15, "object_id": "1", "object_repr": "update", "action_flag": 2, "change_message": "[{\"changed\": {\"fields\": [\"Rating\"]}}]"}}, {"model": "admin.logentry", "pk": 185, "fields": {"action_time": "2021-07-27T10:29:02.886Z", "user": 1, "content_type": 15, "object_id": "1", "object_repr": "update", "action_flag": 2, "change_message": "[{\"changed\": {\"fields\": [\"Rating\"]}}]"}}, {"model": "admin.logentry", "pk": 186, "fields": {"action_time": "2021-07-27T10:42:00.920Z", "user": 1, "content_type": 15, "object_id": "1", "object_repr": "update", "action_flag": 2, "change_message": "[{\"changed\": {\"fields\": [\"Rating\"]}}]"}}, {"model": "admin.logentry", "pk": 187, "fields": {"action_time": "2021-07-27T10:48:09.865Z", "user": 1, "content_type": 15, "object_id": "1", "object_repr": "update", "action_flag": 2, "change_message": "[{\"changed\": {\"fields\": [\"Rating\"]}}]"}}, {"model": "admin.logentry", "pk": 188, "fields": {"action_time": "2021-07-27T13:32:16.277Z", "user": 1, "content_type": 16, "object_id": "1", "object_repr": "First name", "action_flag": 1, "change_message": "[{\"added\": {}}]"}}, {"model": "admin.logentry", "pk": 189, "fields": {"action_time": "2021-07-27T14:33:44.721Z", "user": 1, "content_type": 15, "object_id": "1", "object_repr": "Subject", "action_flag": 2, "change_message": "[{\"changed\": {\"fields\": [\"User\", \"Subject\", \"Review\"]}}]"}}, {"model": "admin.logentry", "pk": 190, "fields": {"action_time": "2021-07-27T14:35:07.942Z", "user": 1, "content_type": 7, "object_id": "8", "object_repr": "test@test.com", "action_flag": 2, "change_message": "[{\"changed\": {\"fields\": [\"First name\", \"Last name\", \"Username\", \"Email\", \"Phone\"]}}]"}}, {"model": "admin.logentry", "pk": 191, "fields": {"action_time": "2021-07-27T14:35:19.980Z", "user": 1, "content_type": 15, "object_id": "1", "object_repr": "Subject", "action_flag": 2, "change_message": "[{\"changed\": {\"fields\": [\"User\"]}}]"}}, {"model": "admin.logentry", "pk": 192, "fields": {"action_time": "2021-07-27T14:53:29.376Z", "user": 1, "content_type": 7, "object_id": "10", "object_repr": "qwerw334545er@swdfgv.com", "action_flag": 3, "change_message": ""}}, {"model": "admin.logentry", "pk": 193, "fields": {"action_time": "2021-07-27T14:53:29.404Z", "user": 1, "content_type": 7, "object_id": "9", "object_repr": "qwerw345er@swdfgv.com", "action_flag": 3, "change_message": ""}}, {"model": "admin.logentry", "pk": 194, "fields": {"action_time": "2021-07-27T14:53:29.446Z", "user": 1, "content_type": 7, "object_id": "7", "object_repr": "sdvbw@sfg.com", "action_flag": 3, "change_message": ""}}, {"model": "admin.logentry", "pk": 195, "fields": {"action_time": "2021-07-27T14:53:40.022Z", "user": 1, "content_type": 9, "object_id": "150", "object_repr": "CartItem object (150)", "action_flag": 3, "change_message": ""}}, {"model": "admin.logentry", "pk": 196, "fields": {"action_time": "2021-07-27T14:53:40.052Z", "user": 1, "content_type": 9, "object_id": "149", "object_repr": "CartItem object (149)", "action_flag": 3, "change_message": ""}}, {"model": "admin.logentry", "pk": 197, "fields": {"action_time": "2021-07-27T14:53:40.096Z", "user": 1, "content_type": 9, "object_id": "148", "object_repr": "CartItem object (148)", "action_flag": 3, "change_message": ""}}, {"model": "admin.logentry", "pk": 198, "fields": {"action_time": "2021-07-27T14:53:40.138Z", "user": 1, "content_type": 9, "object_id": "147", "object_repr": "CartItem object (147)", "action_flag": 3, "change_message": ""}}, {"model": "admin.logentry", "pk": 199, "fields": {"action_time": "2021-07-27T14:53:40.164Z", "user": 1, "content_type": 9, "object_id": "145", "object_repr": "CartItem object (145)", "action_flag": 3, "change_message": ""}}, {"model": "admin.logentry", "pk": 200, "fields": {"action_time": "2021-07-27T14:53:40.208Z", "user": 1, "content_type": 9, "object_id": "142", "object_repr": "CartItem object (142)", "action_flag": 3, "change_message": ""}}, {"model": "admin.logentry", "pk": 201, "fields": {"action_time": "2021-07-27T14:53:47.820Z", "user": 1, "content_type": 10, "object_id": "45", "object_repr": "5mkltp3m16vf5px1znj96h6nyostcljc", "action_flag": 3, "change_message": ""}}, {"model": "admin.logentry", "pk": 202, "fields": {"action_time": "2021-07-27T14:53:47.845Z", "user": 1, "content_type": 10, "object_id": "44", "object_repr": "y0hl8ospi478hljuksd4qo11apd8fmwb", "action_flag": 3, "change_message": ""}}, {"model": "admin.logentry", "pk": 203, "fields": {"action_time": "2021-07-27T14:53:47.888Z", "user": 1, "content_type": 10, "object_id": "43", "object_repr": "okn9yuhbrqdxbhtbn3ue958xpvm6muth", "action_flag": 3, "change_message": ""}}, {"model": "admin.logentry", "pk": 204, "fields": {"action_time": "2021-07-27T14:53:47.931Z", "user": 1, "content_type": 10, "object_id": "42", "object_repr": "kbhuyn1qfrnanur2l11gtlymusqvsykl", "action_flag": 3, "change_message": ""}}, {"model": "admin.logentry", "pk": 205, "fields": {"action_time": "2021-07-27T14:53:47.955Z", "user": 1, "content_type": 10, "object_id": "41", "object_repr": "asjoqefmewfizitabyi39ofygi664mzu", "action_flag": 3, "change_message": ""}}, {"model": "admin.logentry", "pk": 206, "fields": {"action_time": "2021-07-27T14:53:47.997Z", "user": 1, "content_type": 10, "object_id": "40", "object_repr": "xt9d6cyixhju7r108a4n1xy4hu5oltkz", "action_flag": 3, "change_message": ""}}, {"model": "admin.logentry", "pk": 207, "fields": {"action_time": "2021-07-27T14:53:48.041Z", "user": 1, "content_type": 10, "object_id": "39", "object_repr": "pggahsbtjtbbeum2y4rd55bkvdmilh29", "action_flag": 3, "change_message": ""}}, {"model": "admin.logentry", "pk": 208, "fields": {"action_time": "2021-07-27T14:53:48.083Z", "user": 1, "content_type": 10, "object_id": "38", "object_repr": "em4txlf84oc0w4ib9y0ankjk7dop3icd", "action_flag": 3, "change_message": ""}}, {"model": "admin.logentry", "pk": 209, "fields": {"action_time": "2021-07-27T14:53:59.525Z", "user": 1, "content_type": 14, "object_id": "35", "object_repr": "First Name", "action_flag": 3, "change_message": ""}}, {"model": "admin.logentry", "pk": 210, "fields": {"action_time": "2021-07-27T14:53:59.552Z", "user": 1, "content_type": 14, "object_id": "34", "object_repr": "First Name", "action_flag": 3, "change_message": ""}}, {"model": "admin.logentry", "pk": 211, "fields": {"action_time": "2021-07-27T14:53:59.575Z", "user": 1, "content_type": 14, "object_id": "33", "object_repr": "First Name", "action_flag": 3, "change_message": ""}}, {"model": "admin.logentry", "pk": 212, "fields": {"action_time": "2021-07-27T14:53:59.600Z", "user": 1, "content_type": 14, "object_id": "32", "object_repr": "First Name", "action_flag": 3, "change_message": ""}}, {"model": "admin.logentry", "pk": 213, "fields": {"action_time": "2021-07-27T14:53:59.643Z", "user": 1, "content_type": 14, "object_id": "31", "object_repr": "First Name", "action_flag": 3, "change_message": ""}}, {"model": "admin.logentry", "pk": 214, "fields": {"action_time": "2021-07-27T14:53:59.675Z", "user": 1, "content_type": 14, "object_id": "30", "object_repr": "First Name", "action_flag": 3, "change_message": ""}}, {"model": "admin.logentry", "pk": 215, "fields": {"action_time": "2021-07-27T14:53:59.718Z", "user": 1, "content_type": 14, "object_id": "29", "object_repr": "First Name", "action_flag": 3, "change_message": ""}}, {"model": "admin.logentry", "pk": 216, "fields": {"action_time": "2021-07-27T14:53:59.745Z", "user": 1, "content_type": 14, "object_id": "28", "object_repr": "First Name", "action_flag": 3, "change_message": ""}}, {"model": "admin.logentry", "pk": 217, "fields": {"action_time": "2021-07-27T14:53:59.773Z", "user": 1, "content_type": 14, "object_id": "27", "object_repr": "First Name", "action_flag": 3, "change_message": ""}}, {"model": "admin.logentry", "pk": 218, "fields": {"action_time": "2021-07-27T14:53:59.817Z", "user": 1, "content_type": 14, "object_id": "26", "object_repr": "First Name", "action_flag": 3, "change_message": ""}}, {"model": "admin.logentry", "pk": 219, "fields": {"action_time": "2021-07-27T14:53:59.860Z", "user": 1, "content_type": 14, "object_id": "25", "object_repr": "First Name", "action_flag": 3, "change_message": ""}}, {"model": "admin.logentry", "pk": 220, "fields": {"action_time": "2021-07-27T14:53:59.904Z", "user": 1, "content_type": 14, "object_id": "24", "object_repr": "First Name", "action_flag": 3, "change_message": ""}}, {"model": "admin.logentry", "pk": 221, "fields": {"action_time": "2021-07-27T14:53:59.928Z", "user": 1, "content_type": 14, "object_id": "23", "object_repr": "First Name", "action_flag": 3, "change_message": ""}}, {"model": "admin.logentry", "pk": 222, "fields": {"action_time": "2021-07-27T14:53:59.953Z", "user": 1, "content_type": 14, "object_id": "22", "object_repr": "First Name", "action_flag": 3, "change_message": ""}}, {"model": "admin.logentry", "pk": 223, "fields": {"action_time": "2021-07-27T14:53:59.979Z", "user": 1, "content_type": 14, "object_id": "21", "object_repr": "First Name", "action_flag": 3, "change_message": ""}}, {"model": "admin.logentry", "pk": 224, "fields": {"action_time": "2021-07-27T14:54:00.007Z", "user": 1, "content_type": 14, "object_id": "20", "object_repr": "First Name", "action_flag": 3, "change_message": ""}}, {"model": "admin.logentry", "pk": 225, "fields": {"action_time": "2021-07-27T14:54:00.034Z", "user": 1, "content_type": 14, "object_id": "19", "object_repr": "First Name", "action_flag": 3, "change_message": ""}}, {"model": "admin.logentry", "pk": 226, "fields": {"action_time": "2021-07-27T14:54:00.059Z", "user": 1, "content_type": 14, "object_id": "18", "object_repr": "First Name", "action_flag": 3, "change_message": ""}}, {"model": "admin.logentry", "pk": 227, "fields": {"action_time": "2021-07-27T14:54:00.087Z", "user": 1, "content_type": 14, "object_id": "17", "object_repr": "First Nam", "action_flag": 3, "change_message": ""}}, {"model": "admin.logentry", "pk": 228, "fields": {"action_time": "2021-07-27T14:54:00.113Z", "user": 1, "content_type": 14, "object_id": "16", "object_repr": "First Nam", "action_flag": 3, "change_message": ""}}, {"model": "admin.logentry", "pk": 229, "fields": {"action_time": "2021-07-27T14:54:00.137Z", "user": 1, "content_type": 14, "object_id": "15", "object_repr": "First Nam", "action_flag": 3, "change_message": ""}}, {"model": "admin.logentry", "pk": 230, "fields": {"action_time": "2021-07-27T14:54:00.163Z", "user": 1, "content_type": 14, "object_id": "14", "object_repr": "First Nam", "action_flag": 3, "change_message": ""}}, {"model": "admin.logentry", "pk": 231, "fields": {"action_time": "2021-07-27T14:54:00.194Z", "user": 1, "content_type": 14, "object_id": "13", "object_repr": "First Nam", "action_flag": 3, "change_message": ""}}, {"model": "admin.logentry", "pk": 232, "fields": {"action_time": "2021-07-27T14:54:00.224Z", "user": 1, "content_type": 14, "object_id": "12", "object_repr": "First Name", "action_flag": 3, "change_message": ""}}, {"model": "admin.logentry", "pk": 233, "fields": {"action_time": "2021-07-27T14:54:00.249Z", "user": 1, "content_type": 14, "object_id": "11", "object_repr": "First Name", "action_flag": 3, "change_message": ""}}, {"model": "admin.logentry", "pk": 234, "fields": {"action_time": "2021-07-27T14:54:00.274Z", "user": 1, "content_type": 14, "object_id": "10", "object_repr": "First Name", "action_flag": 3, "change_message": ""}}, {"model": "admin.logentry", "pk": 235, "fields": {"action_time": "2021-07-27T14:54:00.303Z", "user": 1, "content_type": 14, "object_id": "9", "object_repr": "First Name", "action_flag": 3, "change_message": ""}}, {"model": "admin.logentry", "pk": 236, "fields": {"action_time": "2021-07-27T14:54:00.334Z", "user": 1, "content_type": 14, "object_id": "8", "object_repr": "First Name", "action_flag": 3, "change_message": ""}}, {"model": "admin.logentry", "pk": 237, "fields": {"action_time": "2021-07-27T14:54:00.359Z", "user": 1, "content_type": 14, "object_id": "7", "object_repr": "First Name", "action_flag": 3, "change_message": ""}}, {"model": "admin.logentry", "pk": 238, "fields": {"action_time": "2021-07-27T14:54:00.386Z", "user": 1, "content_type": 14, "object_id": "6", "object_repr": "First Name", "action_flag": 3, "change_message": ""}}, {"model": "admin.logentry", "pk": 239, "fields": {"action_time": "2021-07-27T14:54:00.413Z", "user": 1, "content_type": 14, "object_id": "5", "object_repr": "First Name", "action_flag": 3, "change_message": ""}}, {"model": "admin.logentry", "pk": 240, "fields": {"action_time": "2021-07-27T14:54:00.438Z", "user": 1, "content_type": 14, "object_id": "4", "object_repr": "First Name", "action_flag": 3, "change_message": ""}}, {"model": "admin.logentry", "pk": 241, "fields": {"action_time": "2021-07-27T14:54:00.461Z", "user": 1, "content_type": 14, "object_id": "3", "object_repr": "First Name", "action_flag": 3, "change_message": ""}}, {"model": "admin.logentry", "pk": 242, "fields": {"action_time": "2021-07-27T14:54:00.485Z", "user": 1, "content_type": 14, "object_id": "2", "object_repr": "32", "action_flag": 3, "change_message": ""}}, {"model": "admin.logentry", "pk": 243, "fields": {"action_time": "2021-07-27T14:54:00.515Z", "user": 1, "content_type": 14, "object_id": "1", "object_repr": "First Name", "action_flag": 3, "change_message": ""}}, {"model": "admin.logentry", "pk": 244, "fields": {"action_time": "2021-07-27T15:11:09.420Z", "user": 1, "content_type": 7, "object_id": "11", "object_repr": "zhompa@govnilo.com", "action_flag": 3, "change_message": ""}}, {"model": "auth.permission", "pk": 1, "fields": {"name": "Can add log entry", "content_type": 1, "codename": "add_logentry"}}, {"model": "auth.permission", "pk": 2, "fields": {"name": "Can change log entry", "content_type": 1, "codename": "change_logentry"}}, {"model": "auth.permission", "pk": 3, "fields": {"name": "Can delete log entry", "content_type": 1, "codename": "delete_logentry"}}, {"model": "auth.permission", "pk": 4, "fields": {"name": "Can view log entry", "content_type": 1, "codename": "view_logentry"}}, {"model": "auth.permission", "pk": 5, "fields": {"name": "Can add permission", "content_type": 2, "codename": "add_permission"}}, {"model": "auth.permission", "pk": 6, "fields": {"name": "Can change permission", "content_type": 2, "codename": "change_permission"}}, {"model": "auth.permission", "pk": 7, "fields": {"name": "Can delete permission", "content_type": 2, "codename": "delete_permission"}}, {"model": "auth.permission", "pk": 8, "fields": {"name": "Can view permission", "content_type": 2, "codename": "view_permission"}}, {"model": "auth.permission", "pk": 9, "fields": {"name": "Can add group", "content_type": 3, "codename": "add_group"}}, {"model": "auth.permission", "pk": 10, "fields": {"name": "Can change group", "content_type": 3, "codename": "change_group"}}, {"model": "auth.permission", "pk": 11, "fields": {"name": "Can delete group", "content_type": 3, "codename": "delete_group"}}, {"model": "auth.permission", "pk": 12, "fields": {"name": "Can view group", "content_type": 3, "codename": "view_group"}}, {"model": "auth.permission", "pk": 13, "fields": {"name": "Can add content type", "content_type": 4, "codename": "add_contenttype"}}, {"model": "auth.permission", "pk": 14, "fields": {"name": "Can change content type", "content_type": 4, "codename": "change_contenttype"}}, {"model": "auth.permission", "pk": 15, "fields": {"name": "Can delete content type", "content_type": 4, "codename": "delete_contenttype"}}, {"model": "auth.permission", "pk": 16, "fields": {"name": "Can view content type", "content_type": 4, "codename": "view_contenttype"}}, {"model": "auth.permission", "pk": 17, "fields": {"name": "Can add session", "content_type": 5, "codename": "add_session"}}, {"model": "auth.permission", "pk": 18, "fields": {"name": "Can change session", "content_type": 5, "codename": "change_session"}}, {"model": "auth.permission", "pk": 19, "fields": {"name": "Can delete session", "content_type": 5, "codename": "delete_session"}}, {"model": "auth.permission", "pk": 20, "fields": {"name": "Can view session", "content_type": 5, "codename": "view_session"}}, {"model": "auth.permission", "pk": 21, "fields": {"name": "Can add category", "content_type": 6, "codename": "add_category"}}, {"model": "auth.permission", "pk": 22, "fields": {"name": "Can change category", "content_type": 6, "codename": "change_category"}}, {"model": "auth.permission", "pk": 23, "fields": {"name": "Can delete category", "content_type": 6, "codename": "delete_category"}}, {"model": "auth.permission", "pk": 24, "fields": {"name": "Can view category", "content_type": 6, "codename": "view_category"}}, {"model": "auth.permission", "pk": 25, "fields": {"name": "Can add account", "content_type": 7, "codename": "add_account"}}, {"model": "auth.permission", "pk": 26, "fields": {"name": "Can change account", "content_type": 7, "codename": "change_account"}}, {"model": "auth.permission", "pk": 27, "fields": {"name": "Can delete account", "content_type": 7, "codename": "delete_account"}}, {"model": "auth.permission", "pk": 28, "fields": {"name": "Can view account", "content_type": 7, "codename": "view_account"}}, {"model": "auth.permission", "pk": 29, "fields": {"name": "Can add product", "content_type": 8, "codename": "add_product"}}, {"model": "auth.permission", "pk": 30, "fields": {"name": "Can change product", "content_type": 8, "codename": "change_product"}}, {"model": "auth.permission", "pk": 31, "fields": {"name": "Can delete product", "content_type": 8, "codename": "delete_product"}}, {"model": "auth.permission", "pk": 32, "fields": {"name": "Can view product", "content_type": 8, "codename": "view_product"}}, {"model": "auth.permission", "pk": 33, "fields": {"name": "Can add cart item", "content_type": 9, "codename": "add_cartitem"}}, {"model": "auth.permission", "pk": 34, "fields": {"name": "Can change cart item", "content_type": 9, "codename": "change_cartitem"}}, {"model": "auth.permission", "pk": 35, "fields": {"name": "Can delete cart item", "content_type": 9, "codename": "delete_cartitem"}}, {"model": "auth.permission", "pk": 36, "fields": {"name": "Can view cart item", "content_type": 9, "codename": "view_cartitem"}}, {"model": "auth.permission", "pk": 37, "fields": {"name": "Can add cart", "content_type": 10, "codename": "add_cart"}}, {"model": "auth.permission", "pk": 38, "fields": {"name": "Can change cart", "content_type": 10, "codename": "change_cart"}}, {"model": "auth.permission", "pk": 39, "fields": {"name": "Can delete cart", "content_type": 10, "codename": "delete_cart"}}, {"model": "auth.permission", "pk": 40, "fields": {"name": "Can view cart", "content_type": 10, "codename": "view_cart"}}, {"model": "auth.permission", "pk": 41, "fields": {"name": "Can add variation", "content_type": 11, "codename": "add_variation"}}, {"model": "auth.permission", "pk": 42, "fields": {"name": "Can change variation", "content_type": 11, "codename": "change_variation"}}, {"model": "auth.permission", "pk": 43, "fields": {"name": "Can delete variation", "content_type": 11, "codename": "delete_variation"}}, {"model": "auth.permission", "pk": 44, "fields": {"name": "Can view variation", "content_type": 11, "codename": "view_variation"}}, {"model": "auth.permission", "pk": 45, "fields": {"name": "Can add payment", "content_type": 12, "codename": "add_payment"}}, {"model": "auth.permission", "pk": 46, "fields": {"name": "Can change payment", "content_type": 12, "codename": "change_payment"}}, {"model": "auth.permission", "pk": 47, "fields": {"name": "Can delete payment", "content_type": 12, "codename": "delete_payment"}}, {"model": "auth.permission", "pk": 48, "fields": {"name": "Can view payment", "content_type": 12, "codename": "view_payment"}}, {"model": "auth.permission", "pk": 49, "fields": {"name": "Can add order product", "content_type": 13, "codename": "add_orderproduct"}}, {"model": "auth.permission", "pk": 50, "fields": {"name": "Can change order product", "content_type": 13, "codename": "change_orderproduct"}}, {"model": "auth.permission", "pk": 51, "fields": {"name": "Can delete order product", "content_type": 13, "codename": "delete_orderproduct"}}, {"model": "auth.permission", "pk": 52, "fields": {"name": "Can view order product", "content_type": 13, "codename": "view_orderproduct"}}, {"model": "auth.permission", "pk": 53, "fields": {"name": "Can add order", "content_type": 14, "codename": "add_order"}}, {"model": "auth.permission", "pk": 54, "fields": {"name": "Can change order", "content_type": 14, "codename": "change_order"}}, {"model": "auth.permission", "pk": 55, "fields": {"name": "Can delete order", "content_type": 14, "codename": "delete_order"}}, {"model": "auth.permission", "pk": 56, "fields": {"name": "Can view order", "content_type": 14, "codename": "view_order"}}, {"model": "auth.permission", "pk": 57, "fields": {"name": "Can add review rating", "content_type": 15, "codename": "add_reviewrating"}}, {"model": "auth.permission", "pk": 58, "fields": {"name": "Can change review rating", "content_type": 15, "codename": "change_reviewrating"}}, {"model": "auth.permission", "pk": 59, "fields": {"name": "Can delete review rating", "content_type": 15, "codename": "delete_reviewrating"}}, {"model": "auth.permission", "pk": 60, "fields": {"name": "Can view review rating", "content_type": 15, "codename": "view_reviewrating"}}, {"model": "auth.permission", "pk": 61, "fields": {"name": "Can add user profile", "content_type": 16, "codename": "add_userprofile"}}, {"model": "auth.permission", "pk": 62, "fields": {"name": "Can change user profile", "content_type": 16, "codename": "change_userprofile"}}, {"model": "auth.permission", "pk": 63, "fields": {"name": "Can delete user profile", "content_type": 16, "codename": "delete_userprofile"}}, {"model": "auth.permission", "pk": 64, "fields": {"name": "Can view user profile", "content_type": 16, "codename": "view_userprofile"}}, {"model": "contenttypes.contenttype", "pk": 1, "fields": {"app_label": "admin", "model": "logentry"}}, {"model": "contenttypes.contenttype", "pk": 2, "fields": {"app_label": "auth", "model": "permission"}}, {"model": "contenttypes.contenttype", "pk": 3, "fields": {"app_label": "auth", "model": "group"}}, {"model": "contenttypes.contenttype", "pk": 4, "fields": {"app_label": "contenttypes", "model": "contenttype"}}, {"model": "contenttypes.contenttype", "pk": 5, "fields": {"app_label": "sessions", "model": "session"}}, {"model": "contenttypes.contenttype", "pk": 6, "fields": {"app_label": "category", "model": "category"}}, {"model": "contenttypes.contenttype", "pk": 7, "fields": {"app_label": "accounts", "model": "account"}}, {"model": "contenttypes.contenttype", "pk": 8, "fields": {"app_label": "store", "model": "product"}}, {"model": "contenttypes.contenttype", "pk": 9, "fields": {"app_label": "carts", "model": "cartitem"}}, {"model": "contenttypes.contenttype", "pk": 10, "fields": {"app_label": "carts", "model": "cart"}}, {"model": "contenttypes.contenttype", "pk": 11, "fields": {"app_label": "store", "model": "variation"}}, {"model": "contenttypes.contenttype", "pk": 12, "fields": {"app_label": "orders", "model": "payment"}}, {"model": "contenttypes.contenttype", "pk": 13, "fields": {"app_label": "orders", "model": "orderproduct"}}, {"model": "contenttypes.contenttype", "pk": 14, "fields": {"app_label": "orders", "model": "order"}}, {"model": "contenttypes.contenttype", "pk": 15, "fields": {"app_label": "store", "model": "reviewrating"}}, {"model": "contenttypes.contenttype", "pk": 16, "fields": {"app_label": "accounts", "model": "userprofile"}}, {"model": "sessions.session", "pk": "0b4jhnpud9x3ade7oijjmyzc2bqbgyw8", "fields": {"session_data": ".eJxVjMsOwiAQRf-FtSGV8phx6b7fQAYYpGogKe3K-O_apAvd3nPOfQlP21r81nnxcxIX4cTpdwsUH1x3kO5Ub03GVtdlDnJX5EG7nFri5_Vw_w4K9fKtlWOHAzNqwxHZ5sFmtDSqPBoNmbWyQIA2nDXEOFoVCIHBoVEpAmTx_gDf3je2:1m6x0P:0hpvovfW7oKE2gKn1OPrKTVOODShqa9hT0b3hNzorGk", "expire_date": "2021-08-06T15:22:29.858Z"}}, {"model": "sessions.session", "pk": "15f4hnzohyqewei8e8ed0rmfo6lagfd2", "fields": {"session_data": "e30:1m7xJG:x5Oijb-rs8eiy6KMbjy3aqJNSl1I3EUQSxly0E1hYi8", "expire_date": "2021-08-09T09:54:06.370Z"}}, {"model": "sessions.session", "pk": "1t8pv4jjip5axplgnlkx1t4r5c40v9kb", "fields": {"session_data": ".eJxVjMsOgjAQRf-la9N02loYl-75BjKPIqgpCYWV8d-VhIVu7znnvkxP2zr2W81LP6m5GAjm9DsyySOXneidym22Mpd1mdjuij1otd2s-Xk93L-Dker4rUUyA2duhjSQV0-MJC6ogwYFQaKQYosUyaUBzhF9CgRROWNoEzTm_QFE0zi6:1m8RIU:XM7oD0SWlYkZr_d_I8JKGo8vJyBsRqKyOzRCTGi98iA", "expire_date": "2021-08-10T17:55:18.537Z"}}, {"model": "sessions.session", "pk": "8hknvq1k5u0rg7e7bmdl3i4rhtciflxt", "fields": {"session_data": "e30:1m6xDB:GjzbneLwcK6UB_HeBy2t_FePpEAwL-ASubdVGNUFyZg", "expire_date": "2021-08-06T15:35:41.652Z"}}, {"model": "sessions.session", "pk": "c8qy1urqou0ip1ravr7tx31iemxjdg61", "fields": {"session_data": "e30:1m7xJ3:wXwRcpTqcVLjmraHk0-rDAGywtR2o781XRGUyQcwLHc", "expire_date": "2021-08-09T09:53:53.058Z"}}, {"model": "sessions.session", "pk": "cb6e63ts1fjhsszee1ssb40z45b9xqry", "fields": {"session_data": "e30:1m6xOH:T_twvs_0HMpd94idUe24ys7TJkExD24nG_zy3hYU_Z4", "expire_date": "2021-08-06T15:47:09.182Z"}}, {"model": "sessions.session", "pk": "cvkj5b3y7a7hydtzqjcco1cc0gcy3iov", "fields": {"session_data": "e30:1m72n5:vn7Gm5Hm8DqIrNm3EsMHQJwslTMZMBfWT1nXzAbYID0", "expire_date": "2021-08-06T21:33:07.259Z"}}, {"model": "sessions.session", "pk": "daww7zh8kiqzgkf59e2u8hm4rc8spsrw", "fields": {"session_data": ".eJxVjEEOwiAQRe_C2pCBoRBcuvcMZBhGqRqalHbVeHdt0oVu_3vvbyrRutS0dpnTWNRZGXX63TLxU9oOyoPafdI8tWUes94VfdCur1OR1-Vw_w4q9fqt0bshZmMpCHuDAiEgWGEy4gnZWwMZxKAFDp5cAEDCcMsQOXp2g3p_AL_8Nuo:1m6wl0:tTNNxrzHCWF50Am8BWaymWxBzi_2PnUirOnfYnGEtbU", "expire_date": "2021-08-06T15:06:34.213Z"}}, {"model": "sessions.session", "pk": "dc3uuq9zi5z6mvh6368o9j1uecxiwtqn", "fields": {"session_data": "e30:1m6YyJ:HKflViqoNi8Aik2B6WAcfa_-RLT3LgJJOzdHRVjF1ew", "expire_date": "2021-08-05T13:42:43.909Z"}}, {"model": "sessions.session", "pk": "dll7owiu2jp7lhgscw1gmmkj9u595ngv", "fields": {"session_data": "e30:1m8Iz6:zE53LyCi-89P5EeA6QdO8nOGJDFfSK2Tg4zBGlLkGLo", "expire_date": "2021-08-10T09:02:44.773Z"}}, {"model": "sessions.session", "pk": "frqi24fk6790fysde2b5zt0f74mm0v6i", "fields": {"session_data": ".eJxVjMsOwiAQRf-FtSHA8HTp3m8gA0OlaiAp7cr479qkC93ec859sYjbWuM2yhJnYmcmBTv9jgnzo7Sd0B3brfPc27rMie8KP-jg107leTncv4OKo35r790kKEkI1qmsQkIJIMIEErQT3sqMJmurRPLoIGQg44mAtBEhaFnY-wPaIDbl:1m6wkF:jpGrFU1g0r61snlYBOVXVmaa9JloA7NGH4iEshUQFuU", "expire_date": "2021-08-06T15:05:47.640Z"}}, {"model": "sessions.session", "pk": "gov8z0vgsqzet12g5uwywf4hrnna16ts", "fields": {"session_data": ".eJxVjEEOwiAQRe_C2hAYmFJcuu8ZyMCgVA0kpV0Z765NutDtf-_9lwi0rSVsPS9hZnEWXpx-t0jpkesO-E711mRqdV3mKHdFHrTLqXF-Xg7376BQL98a0SXKgGC1VgbQM45kVQLH2WFEH5FBE6NJTMM1D8labxSqkQ1oD-L9AcoSNws:1m6x5z:zrXlfLHrNf0690f0bCQeTg0gdvDLS4Cm8b1tEcb8W1w", "expire_date": "2021-08-06T15:28:15.855Z"}}, {"model": "sessions.session", "pk": "gyc01zaf46twmtqv3fyqzkt7psd4c7ld", "fields": {"session_data": ".eJxVjMsOwiAQRf-FtSHA8HTp3m8gA0OlaiAp7cr479qkC93ec859sYjbWuM2yhJnYmcmBTv9jgnzo7Sd0B3brfPc27rMie8KP-jg107leTncv4OKo35r790kKEkI1qmsQkIJIMIEErQT3sqMJmurRPLoIGQg44mAtBEhaFnY-wPaIDbl:1m7xpm:_FsiFKz_7VHSM1OFwogswz8OSFcY1MtQ6-5KvdIJkBU", "expire_date": "2021-08-09T10:27:42.330Z"}}, {"model": "sessions.session", "pk": "h17q4ph1prz6al7ncqmqzfab6z2hyz0v", "fields": {"session_data": ".eJxVjMsOwiAQRf-FtSHA8HTp3m8gA0OlaiAp7cr479qkC93ec859sYjbWuM2yhJnYmcmBTv9jgnzo7Sd0B3brfPc27rMie8KP-jg107leTncv4OKo35r790kKEkI1qmsQkIJIMIEErQT3sqMJmurRPLoIGQg44mAtBEhaFnY-wPaIDbl:1m7dwR:lwV-SdpMg0eZoSz1rBla3ikln2m7MHSpxNgqcdl0jfU", "expire_date": "2021-08-08T13:13:15.484Z"}}, {"model": "sessions.session", "pk": "iib9npu0mw3a8mttz2qnarhmijgnwq3n", "fields": {"session_data": ".eJxVjMsOwiAQRf-FtSHA8HTp3m8gA0OlaiAp7cr479qkC93ec859sYjbWuM2yhJnYmcmBTv9jgnzo7Sd0B3brfPc27rMie8KP-jg107leTncv4OKo35r790kKEkI1qmsQkIJIMIEErQT3sqMJmurRPLoIGQg44mAtBEhaFnY-wPaIDbl:1m81nC:sQoFyqFvsh0uxLK3GtoPN3kBHlXmwyJKiKp5VcSbXTc", "expire_date": "2021-08-09T14:41:18.639Z"}}, {"model": "sessions.session", "pk": "j76xkm4qvryg1veky694snsoo7cnojxl", "fields": {"session_data": "e30:1m6YtU:jKXUKwLtpSgfLm37qYvS-KL4BpT9T_fUl9qgcoQ8u3s", "expire_date": "2021-08-05T13:37:44.751Z"}}, {"model": "sessions.session", "pk": "kaqs7hgdqu3q43o7nd9iswylifpappx3", "fields": {"session_data": "e30:1m6xKf:3cLl4El2oKOZWHr9dZRJnVhoFqXwyLcdUlPRqYJCzWA", "expire_date": "2021-08-06T15:43:25.305Z"}}, {"model": "sessions.session", "pk": "kg49n6n47tcdsyjnxnu0x26cy5ydezk5", "fields": {"session_data": ".eJxVjMsOgjAQRf-la9N02loYl-75BjKPIqgpCYWV8d-VhIVu7znnvkxP2zr2W81LP6m5GAjm9DsyySOXneidym22Mpd1mdjuij1otd2s-Xk93L-Dker4rUUyA2duhjSQV0-MJC6ogwYFQaKQYosUyaUBzhF9CgRROWNoEzTm_QFE0zi6:1m8OnC:mItFiEuwOcdj8YMGuQA6F5MGDwC3iBOJInNbXXtKhhQ", "expire_date": "2021-08-10T15:14:50.188Z"}}, {"model": "sessions.session", "pk": "kt20k6n88tp49fzswzs2bwogwy3sgwgc", "fields": {"session_data": "e30:1m6rxM:R5SO11YfmjQrIjcmxClqcJf2HyzcX1FLXAYDykRKG0c", "expire_date": "2021-08-06T09:59:00.159Z"}}, {"model": "sessions.session", "pk": "l1kozjqc22tm6mi62t5hodk1fte9cilx", "fields": {"session_data": ".eJxVjEEOwiAQRe_C2hAYmFJcuu8ZyMCgVA0kpV0Z765NutDtf-_9lwi0rSVsPS9hZnEWXpx-t0jpkesO-E711mRqdV3mKHdFHrTLqXF-Xg7376BQL98a0SXKgGC1VgbQM45kVQLH2WFEH5FBE6NJTMM1D8labxSqkQ1oD-L9AcoSNws:1m6xGc:pf5MCl-frtKMMUfdEXzOEFMxCSGxEfwU_Sqi8qxy5LI", "expire_date": "2021-08-06T15:39:14.966Z"}}, {"model": "sessions.session", "pk": "lpzvyl31treauyvisjzy08u5jspaeqqp", "fields": {"session_data": ".eJxVjEEOwiAQRe_C2pCBoRBcuvcMZBhGqRqalHbVeHdt0oVu_3vvbyrRutS0dpnTWNRZGXX63TLxU9oOyoPafdI8tWUes94VfdCur1OR1-Vw_w4q9fqt0bshZmMpCHuDAiEgWGEy4gnZWwMZxKAFDp5cAEDCcMsQOXp2g3p_AL_8Nuo:1m5T9H:Ktz8sJ5-ZCzLe0PZkZj81Q5-hPW3T4gB0XtNxy7h3DU", "expire_date": "2021-08-02T13:17:31.743Z"}}, {"model": "sessions.session", "pk": "m6eimcypc3fx7gb1yh2pxrys5fhj1gap", "fields": {"session_data": ".eJxVjEEOwiAQRe_C2hAYmFJcuu8ZyMCgVA0kpV0Z765NutDtf-_9lwi0rSVsPS9hZnEWXpx-t0jpkesO-E711mRqdV3mKHdFHrTLqXF-Xg7376BQL98a0SXKgGC1VgbQM45kVQLH2WFEH5FBE6NJTMM1D8labxSqkQ1oD-L9AcoSNws:1m6wx5:SHCc20lfxsngwOAVKhqB15AO1-vnH9_0ArLpsKA__hg", "expire_date": "2021-08-06T15:19:03.776Z"}}, {"model": "sessions.session", "pk": "mcizm7tybd6jhuswypajzhv9nrskeq6m", "fields": {"session_data": ".eJxVjMsOwiAQRf-FtSHA8HTp3m8gA0OlaiAp7cr479qkC93ec859sYjbWuM2yhJnYmcmBTv9jgnzo7Sd0B3brfPc27rMie8KP-jg107leTncv4OKo35r790kKEkI1qmsQkIJIMIEErQT3sqMJmurRPLoIGQg44mAtBEhaFnY-wPaIDbl:1m7D5w:zAo8aL6yGOqwLEjb05eTjNBwy_x1qoh_TMgZFOAkE4Y", "expire_date": "2021-08-07T08:33:16.113Z"}}, {"model": "sessions.session", "pk": "mk5l36hysoqsfx2sm9xeh5sy2yzc4bw4", "fields": {"session_data": "e30:1m7doX:5FNyU4eCR1raQUsl32QGkWiwgzXJhXPUBcUWQ6yzyL0", "expire_date": "2021-08-08T13:05:05.506Z"}}, {"model": "sessions.session", "pk": "nbo2p3ei7l7hzsy6jj92ofy4jmzsgzwp", "fields": {"session_data": "e30:1m72sH:rOM-T1T_IRbovEJs7U75PF3iojzm_XYD1YgJWXxVlJ8", "expire_date": "2021-08-06T21:38:29.125Z"}}, {"model": "sessions.session", "pk": "nfos0k2dq7idk5cjcl0uzjyiiwj57uz3", "fields": {"session_data": ".eJxVjMsOwiAQRf-FtSHA8HTp3m8gA0OlaiAp7cr479qkC93ec859sYjbWuM2yhJnYmcmBTv9jgnzo7Sd0B3brfPc27rMie8KP-jg107leTncv4OKo35r790kKEkI1qmsQkIJIMIEErQT3sqMJmurRPLoIGQg44mAtBEhaFnY-wPaIDbl:1m7bhI:Xlk9_RJfslUFbsf7BjAFk4_IJsCVwfM878Jl55pfHSE", "expire_date": "2021-08-08T10:49:28.961Z"}}, {"model": "sessions.session", "pk": "nmg0beo2gklzt4290joyewhk5ow3t82a", "fields": {"session_data": ".eJxVjDsOwjAQBe_iGlnx-ruU9DmDtV4bHECOFCcV4u4QKQW0b2beS0Ta1hq3XpY4ZXEWSonT75iIH6XtJN-p3WbJc1uXKcldkQftcpxzeV4O9--gUq_fGjwoHxSyyh6sJoMDIPmrBW2YAjiAwbB3VifDGqwPhFhQawwmswvi_QG9ejY4:1m8OXn:aRhr0w_1ezG-X_vFt-pK38fY3QEjljPX85_2fTSilZs", "expire_date": "2021-08-10T14:58:55.890Z"}}, {"model": "sessions.session", "pk": "nvje8kfe980508o2ogiugwaz5g3xp62f", "fields": {"session_data": ".eJxVjEEOwiAQRe_C2hAYmFJcuu8ZyMCgVA0kpV0Z765NutDtf-_9lwi0rSVsPS9hZnEWXpx-t0jpkesO-E711mRqdV3mKHdFHrTLqXF-Xg7376BQL98a0SXKgGC1VgbQM45kVQLH2WFEH5FBE6NJTMM1D8labxSqkQ1oD-L9AcoSNws:1m6x8G:I76gicKeEzJm0pstekSzfxmDwvThPBiZ-suMLXTnpIM", "expire_date": "2021-08-06T15:30:36.535Z"}}, {"model": "sessions.session", "pk": "ny14to8s0ywqr34a9q9lrp13c1dilptk", "fields": {"session_data": "e30:1m7xJ0:Cv2oY58F76hsufuU4bPXaHd3tZdP-lgECuBoDGwQkxs", "expire_date": "2021-08-09T09:53:50.667Z"}}, {"model": "sessions.session", "pk": "os9sgvoanf6x9b4sc6rws7n6hrqx2tdy", "fields": {"session_data": ".eJxVjDsOwjAQRO_iGlmyvfKHkp4zWOvdDQ6gWIqTKuLuJFIKKKaZ92Y2lXFdal67zHlkdVVRXX67gvSS6QD8xOnRNLVpmceiD0WftOt7Y3nfTvfvoGKv-xrYhcAmWYlsGRgcGAw-khdPAsbaNCSTwh50JcVYCAiKt2JYaLDq8wXTUzfC:1m8R7p:eqLdfRohUzUKJ69pANyKbz9zAysl2EFgBreP3holLcI", "expire_date": "2021-08-10T17:44:17.353Z"}}, {"model": "sessions.session", "pk": "pvjbodnipkuujw8g5x48aosy5a6146sx", "fields": {"session_data": "e30:1m7aX5:LwZgacmVgmpUw6YsJVgn4_K2BVt-_PCMA5p4GeDC5DE", "expire_date": "2021-08-08T09:34:51.025Z"}}, {"model": "sessions.session", "pk": "pzuzwd2ns7i7akg7esx6y81wmehgb8fy", "fields": {"session_data": ".eJxVjEEOwiAQRe_C2hAYmFJcuu8ZyMCgVA0kpV0Z765NutDtf-_9lwi0rSVsPS9hZnEWXpx-t0jpkesO-E711mRqdV3mKHdFHrTLqXF-Xg7376BQL98a0SXKgGC1VgbQM45kVQLH2WFEH5FBE6NJTMM1D8labxSqkQ1oD-L9AcoSNws:1m72gY:T424W0kTqmE9EHoKqQx6GMuZ6w14fdPL4EyglUP8mNM", "expire_date": "2021-08-06T21:26:22.247Z"}}, {"model": "sessions.session", "pk": "rae1wx5etsft9000gvfpfd4g7amyfnr4", "fields": {"session_data": "e30:1m8Hry:xwtwA6kKXk0CtU_SHDp_q-DdexSG8hv5qAuGHNXus4U", "expire_date": "2021-08-10T07:51:18.044Z"}}, {"model": "sessions.session", "pk": "rkglgy9cnsksslcr6m3skbx1xam870t3", "fields": {"session_data": ".eJxVjMsOwiAQRf-FtSHA8HTp3m8gA0OlaiAp7cr479qkC93ec859sYjbWuM2yhJnYmcmBTv9jgnzo7Sd0B3brfPc27rMie8KP-jg107leTncv4OKo35r790kKEkI1qmsQkIJIMIEErQT3sqMJmurRPLoIGQg44mAtBEhaFnY-wPaIDbl:1m7xbl:gYognNcklVIS9p0RLrlWeRjD5Ql6HN8SSxE6rkvCpds", "expire_date": "2021-08-09T10:13:13.678Z"}}, {"model": "sessions.session", "pk": "rm9my96bama2h3wbo5fsr26y1svj0fdp", "fields": {"session_data": ".eJxVjEEOwiAQRe_C2hAYmFJcuu8ZyMCgVA0kpV0Z765NutDtf-_9lwi0rSVsPS9hZnEWXpx-t0jpkesO-E711mRqdV3mKHdFHrTLqXF-Xg7376BQL98a0SXKgGC1VgbQM45kVQLH2WFEH5FBE6NJTMM1D8labxSqkQ1oD-L9AcoSNws:1m6wr6:UIhuGZj5oF-L543FkRwpqdVIaufVeWjMA2DE_tC6yTg", "expire_date": "2021-08-06T15:12:52.474Z"}}, {"model": "sessions.session", "pk": "rmtnq72l4at3dza2rraucb552dxbkdtq", "fields": {"session_data": "e30:1m8ONu:f85oWZMRUl90WH_Id8A-g2ki1MwxJruNOEGc4OzqBAI", "expire_date": "2021-08-10T14:48:42.744Z"}}, {"model": "sessions.session", "pk": "ta05lwtif3357dghml0t3wq3j2t0cnqs", "fields": {"session_data": "e30:1m8Hku:uBAn_0H4pIqcdVcIdUyTYD0FJSrvxRjrSEx7AgkY5JA", "expire_date": "2021-08-10T07:44:00.512Z"}}, {"model": "sessions.session", "pk": "ukm1eimbyerel5jqtt8qlbjkox0rekov", "fields": {"session_data": ".eJxVjEEOwiAQRe_C2pCBoRBcuvcMZBhGqRqalHbVeHdt0oVu_3vvbyrRutS0dpnTWNRZGXX63TLxU9oOyoPafdI8tWUes94VfdCur1OR1-Vw_w4q9fqt0bshZmMpCHuDAiEgWGEy4gnZWwMZxKAFDp5cAEDCcMsQOXp2g3p_AL_8Nuo:1m6vW9:1emmNu3R1K0Dz-7tji4fieziFumd_KI2p_Zw3cipDYc", "expire_date": "2021-08-06T13:47:09.024Z"}}, {"model": "sessions.session", "pk": "upt5cng14e6heupwiypxnyhau9c861m1", "fields": {"session_data": ".eJxVjDsOwjAQRO_iGlnrxV9Kes5grX84gGwpTirE3UmkFFDOvDfzZp7Wpfp15NlPiV2YQHb6LQPFZ247SQ9q985jb8s8Bb4r_KCD33rKr-vh_h1UGnVb24jZFCQsLuqUsnUmgXZWRystSdgylhKNC5BBEYIwIFAVCGcjnUL2-QIJmjdb:1m8OkW:rvcdlAEkMokvR-AydbFn4yreOBlMJFz6G_Cc-papWi8", "expire_date": "2021-08-10T15:12:04.066Z"}}, {"model": "sessions.session", "pk": "uvrykvuaih4epd2mz9706dsxl25582em", "fields": {"session_data": ".eJxVjEEOwiAQRe_C2hAYmFJcuu8ZyMCgVA0kpV0Z765NutDtf-_9lwi0rSVsPS9hZnEWXpx-t0jpkesO-E711mRqdV3mKHdFHrTLqXF-Xg7376BQL98a0SXKgGC1VgbQM45kVQLH2WFEH5FBE6NJTMM1D8labxSqkQ1oD-L9AcoSNws:1m6wmF:uU-ULVWbk7kxotoWHhYXHgq37PP4TuGDhqmcVPBZQ1Q", "expire_date": "2021-08-06T15:07:51.608Z"}}, {"model": "sessions.session", "pk": "xwulqdpp39bde0cimed9fy28r84f4wd5", "fields": {"session_data": ".eJxVjMsOwiAQRf-FtSHA8HTp3m8gA0OlaiAp7cr479qkC93ec859sYjbWuM2yhJnYmcmBTv9jgnzo7Sd0B3brfPc27rMie8KP-jg107leTncv4OKo35r790kKEkI1qmsQkIJIMIEErQT3sqMJmurRPLoIGQg44mAtBEhaFnY-wPaIDbl:1m7xMI:hS3peyq5sD1VtFnAg0CHZxCr5An6ZeqgV5fs6H0VIRo", "expire_date": "2021-08-09T09:57:14.078Z"}}, {"model": "sessions.session", "pk": "z3ozb4ixjuspfn5sjqhc374hnqafo77w", "fields": {"session_data": ".eJxVjEEOwiAQRe_C2pCBoRBcuvcMZBhGqRqalHbVeHdt0oVu_3vvbyrRutS0dpnTWNRZGXX63TLxU9oOyoPafdI8tWUes94VfdCur1OR1-Vw_w4q9fqt0bshZmMpCHuDAiEgWGEy4gnZWwMZxKAFDp5cAEDCcMsQOXp2g3p_AL_8Nuo:1m6tXt:OtLWbyNjfe1uXiwmucFWBH20taPsdV0WW2-KpCYn9R4", "expire_date": "2021-08-06T11:40:49.792Z"}}, {"model": "category.category", "pk": 1, "fields": {"category_name": "Shirts", "slug": "shirts", "description": "Shirts from the best brands. All sizes are available. They are all in stock in our store. Choose your favorite!", "cat_image": "categories/shirts.jpg"}}, {"model": "category.category", "pk": 2, "fields": {"category_name": "T-shirts", "slug": "t-shirts", "description": "T-shirts from the best brands. All sizes are available. They are all in stock in our store. Choose your favorite!", "cat_image": "categories/tshirts.jpg"}}, {"model": "category.category", "pk": 3, "fields": {"category_name": "Shoes", "slug": "shoes", "description": "Shoes from the best brands. All sizes are available. They are all in stock in our store. Choose your favorite!", "cat_image": "categories/shoes.png"}}, {"model": "category.category", "pk": 4, "fields": {"category_name": "Jeans", "slug": "jeans", "description": "Jeans from the best brands. All sizes are available. They are all in stock in our store. Choose your favorite!", "cat_image": "categories/jeans.jpg"}}, {"model": "category.category", "pk": 5, "fields": {"category_name": "Jackets", "slug": "jackets", "description": "Jackets from the best brands. All sizes are available. They are all in stock in our store. Choose your favorite!", "cat_image": "categories/jackets.jpg"}}, {"model": "accounts.account", "pk": 1, "fields": {"password": "pbkdf2_sha256$260000$f0En5PVS6bf4DHBGaDJMN2$o8WcIOPk8wpmrlGTz2iFIlwp/m3NctxRdtF/8QAdplg=", "first_name": "root", "last_name": "root", "username": "root", "email": "root@test.com", "phone": "", "date_joined": "2021-07-19T13:17:01.992Z", "last_login": "2021-07-23T15:06:34.190Z", "is_admin": true, "is_staff": true, "is_active": true, "is_superadmin": true}}, {"model": "accounts.account", "pk": 8, "fields": {"password": "pbkdf2_sha256$260000$RlwydJ8C6FMLRm67hvnoxX$4cGmJEfPzQtjyI8JeWRImScuh2yAV8WqI8Zx0bvzZco=", "first_name": "Test", "last_name": "User", "username": "test@test.com", "email": "test@test.com", "phone": "1234567890", "date_joined": "2021-07-23T07:30:10.446Z", "last_login": "2021-07-27T17:44:17.330Z", "is_admin": false, "is_staff": false, "is_active": true, "is_superadmin": false}}, {"model": "accounts.account", "pk": 12, "fields": {"password": "pbkdf2_sha256$260000$128bl7arv3sPo0KxAEGvsG$qS+mmqjrCCWWlQBRXi19io9gFt6S6UB+BTRZHO3zqSc=", "first_name": "First", "last_name": "Last", "username": "Email@ewf.ru", "email": "Email@ewf.ru", "phone": "123123", "date_joined": "2021-07-27T15:11:39.606Z", "last_login": "2021-07-27T15:12:04.041Z", "is_admin": false, "is_staff": false, "is_active": true, "is_superadmin": false}}, {"model": "accounts.account", "pk": 13, "fields": {"password": "pbkdf2_sha256$260000$oQitdqTo2ohhGhRP0753k2$cTUQNMDTuY5Thm9dw2VxDGTr+YRJz9L819NVXyzumHo=", "first_name": "zho", "last_name": "zhozho", "username": "zhompa9000@govnilo.com", "email": "zhompa9000@govnilo.com", "phone": "+534y5634876437864", "date_joined": "2021-07-27T15:14:42.449Z", "last_login": "2021-07-27T17:55:18.513Z", "is_admin": false, "is_staff": false, "is_active": true, "is_superadmin": false}}, {"model": "accounts.account", "pk": 14, "fields": {"password": "pbkdf2_sha256$260000$Ff6HZw7zoczXJetxGesbFJ$YhCW7mpa78tQ79fehy+WS7A7ZMEPvKi/YiaTmgCAsFI=", "first_name": "First name", "last_name": "Last name", "username": "1@1.com", "email": "1@1.com", "phone": "Phone number", "date_joined": "2021-07-27T17:45:17.028Z", "last_login": "2021-07-27T17:45:48.900Z", "is_admin": false, "is_staff": false, "is_active": true, "is_superadmin": false}}, {"model": "accounts.userprofile", "pk": 2, "fields": {"user": 12, "address_line_1": "", "address_line_2": "", "profile_picture": "default/default-user.png", "city": "", "state": "", "country": ""}}, {"model": "accounts.userprofile", "pk": 3, "fields": {"user": 13, "address_line_1": "234", "address_line_2": "Address Line 2", "profile_picture": "default/default-user.png", "city": "", "state": "", "country": ""}}, {"model": "accounts.userprofile", "pk": 4, "fields": {"user": 14, "address_line_1": "Address Line 1", "address_line_2": "Address Line 2", "profile_picture": "default/default-user.png", "city": "", "state": "", "country": "Country"}}, {"model": "store.product", "pk": 1, "fields": {"product_name": "Columbia Men's Ascender Softshell Jacket, Water & Wind Resistant", "slug": "columbia-mens-ascender-softshell-jacket-water-wind-resistant", "description": "The Columbia men's ascender soft-shell is a wind and water resistant soft-shell jacket that's rugged, warm, durable, yet decidedly presentable for great all-season versatility.", "price": 178, "image": "products/71gNdyqItmL._AC_UY550_.jpg", "stock": 99, "is_available": true, "category": 5, "created_date": "2021-07-19T15:20:17.024Z", "modified_date": "2021-07-20T13:50:58.148Z"}}, {"model": "store.product", "pk": 2, "fields": {"product_name": "Columbia Women's Arcadia Ii Jacket", "slug": "columbia-womens-arcadia-ii-jacket", "description": "Columbia's superior fabric and technology are some of the best you can find. They work to protect you from harmful outdoor elements. This Columbia Women's Arcadia II Jacket is the perfect edition to your rainy-day wardrobe for it's waterproof and breathable protection.\r\nThe details of this Columbia Arcadia II Jacket are what make it so versatile and special. Crafted of 100% nylon material, this rain jacket is guaranteed to be waterproof; the seam-sealed construction keeps your dry while sealing", "price": 125, "image": "products/61BVjletNfS._AC_UX569_.jpg", "stock": 100, "is_available": true, "category": 5, "created_date": "2021-07-19T15:21:41.256Z", "modified_date": "2021-07-19T15:21:41.256Z"}}, {"model": "store.product", "pk": 3, "fields": {"product_name": "Columbia Men's Glennaker Lake Jacket", "slug": "columbia-mens-glennaker-lake-jacket", "description": "Classic mountaineering-inspired design lines in a tried-and-true waterproof fabric-this lightweight nylon rain jacket is an everyday favorite thanks to its stylish, efficient, and comfortable take on protecting you from the wind and wet weather.", "price": 130, "image": "products/81IT2LRGFLL._AC_UY550_.jpg", "stock": 130, "is_available": true, "category": 5, "created_date": "2021-07-19T15:22:28.349Z", "modified_date": "2021-07-19T15:22:28.349Z"}}, {"model": "store.product", "pk": 4, "fields": {"product_name": "URBANFIND Men's Slim Fit Lightweight Sportswear Jacket Casual Bomber Jacket", "slug": "urbanfind-mens-slim-fit-lightweight-sportswear-jacket-casual-bomber-jacket", "description": "This fashion and cool varsity jackets is great for spring fall and early winter, and perfect for casual, outdoor, daily, school, working, camping, sports, club, athletics wear and so on", "price": 31, "image": "products/51m5m3gfilS._AC_UX569_.jpg", "stock": 100, "is_available": true, "category": 5, "created_date": "2021-07-19T15:23:31.417Z", "modified_date": "2021-07-19T15:23:31.417Z"}}, {"model": "store.product", "pk": 5, "fields": {"product_name": "Columbia Men's Watertight Ii Jacket", "slug": "columbia-mens-watertight-ii-jacket", "description": "The details of this jacket are essential for any rainy day. Crafted of 100% nylon material, this rain jacket is guaranteed to be waterproof; the seam-sealed construction keeps you dry while sealing the cold air out. Zippered pockets are featured on each side to secure your small items. Adjustable, velcro cuffs and an adjustable drawcord hem help give this jacket a customizable fit. Lastly, the packable silhouette make storing this staple easy.", "price": 163, "image": "products/6142UY8xXeS._AC_UX569_.jpg", "stock": 100, "is_available": true, "category": 5, "created_date": "2021-07-19T15:24:35.365Z", "modified_date": "2021-07-19T15:24:35.365Z"}}, {"model": "store.product", "pk": 6, "fields": {"product_name": "Wrangler Authentics Men's Classic 5-Pocket Regular Fit Cotton Jean", "slug": "wrangler-authentics-mens-classic-5-pocket-regular-fit-cotton-jean", "description": "Wrangler men's classic 5-pocket regular fit jean. This versatile jean is constructed with durable materials and built for long-lasting comfort. Made with a straight leg fit, This jean sits at the natural waist and features a regular seat and thigh.", "price": 32, "image": "products/81RUcsrvFtL._AC_UY550_.jpg", "stock": 100, "is_available": true, "category": 4, "created_date": "2021-07-19T15:30:38.366Z", "modified_date": "2021-07-19T15:30:38.366Z"}}, {"model": "store.product", "pk": 7, "fields": {"product_name": "Wrangler Authentics Men's Classic 5-Pocket Relaxed Fit Cotton Jean", "slug": "wrangler-authentics-mens-classic-5-pocket-relaxed-fit-cotton-jean", "description": "Wrangler Authentics Men's Classic Relaxed Fit Cotton Jean. This jean is constructed with durable materials built for long-lasting comfort. Made with a relaxed fit, this jean sits at the natural waist and features a regular seat and thigh.", "price": 45, "image": "products/71-KKTMxOsL._AC_UY550_.jpg", "stock": 100, "is_available": true, "category": 4, "created_date": "2021-07-19T15:31:38.808Z", "modified_date": "2021-07-19T15:31:38.808Z"}}, {"model": "store.product", "pk": 8, "fields": {"product_name": "Wrangler Authentics Men's Classic 5-Pocket Regular Fit Flex Jean", "slug": "wrangler-authentics-mens-classic-5-pocket-regular-fit-flex-jean", "description": "Wrangler Authentics Men's Classic 5-Pocket Regular Fit Jean. This versatile jean is constructed with durable materials and built for long-lasting comfort. Made with a straight leg fit, this jean sits at the natural waist and features a regular seat and thigh.\r\n\r\nFor nearly 70 years, Wrangler has staked its claim as a Global leader in jeans wear, casual apparel and fashion-forward western inspired attire. Built upon the nostalgic undercurrent of Americana heritage, the brand celebrates", "price": 46, "image": "products/8110CWXpN5L._AC_UY550_.jpg", "stock": 100, "is_available": true, "category": 4, "created_date": "2021-07-19T15:32:47.789Z", "modified_date": "2021-07-19T15:32:47.789Z"}}, {"model": "store.product", "pk": 9, "fields": {"product_name": "Liverpool Men's Regent Relaxed Straight with Coolmax Jeans", "slug": "liverpool-mens-regent-relaxed-straight-with-coolmax-jeans", "description": "Relaxed Straight denim in our Coolmax Technology is made with weaved thread that keeps your body at the right temperature, giving you versatility to wear these pants year-round.  With stretch and recovery this is an active mans perfect pant.  Available in multiple washes for every guys taste.", "price": 69, "image": "products/61vAixLXjcL._AC_UX466_.jpg", "stock": 100, "is_available": true, "category": 4, "created_date": "2021-07-19T15:34:07.647Z", "modified_date": "2021-07-19T15:34:07.647Z"}}, {"model": "store.product", "pk": 10, "fields": {"product_name": "Amazon Essentials Men's Skinny-fit Stretch Jean", "slug": "amazon-essentials-mens-skinny-fit-stretch-jean", "description": "These classic 5-pocket skinny-fit jeans are crafted with a bit of stretch for additional comfort and to help maintain their shape", "price": 32, "image": "products/81Trt8Yq8wL._AC_UY550_.jpg", "stock": 100, "is_available": true, "category": 4, "created_date": "2021-07-19T15:35:17.673Z", "modified_date": "2021-07-19T15:35:17.673Z"}}, {"model": "store.product", "pk": 11, "fields": {"product_name": "New Balance Men's 481 V3 Trail Running Shoe", "slug": "new-balance-mens-481-v3-trail-running-shoe", "description": "We stand for something bigger than sneakers. We champion those who are fearlessly driven by their passions. We elevate sport. We do right by people and the planet. Together, we drive meaningful change in communities around the world. We Got Now.", "price": 169, "image": "products/91bIOuQQXIL._AC_UX575_.jpg", "stock": 100, "is_available": true, "category": 3, "created_date": "2021-07-19T15:37:15.712Z", "modified_date": "2021-07-19T15:37:15.712Z"}}, {"model": "store.product", "pk": 12, "fields": {"product_name": "adidas Men's Daily 3.0 Skate Shoe", "slug": "adidas-mens-daily-30-skate-shoe", "description": "Casual can be classic, too. These men's adidas skate-inspired shoes have all the heritage elements coupled with modern materials and super-soft cushioning. The vulcanized look on the rubber outsole provides a touch of pure skate style.", "price": 133, "image": "products/8176OVh-gaL._AC_UX575_.jpg", "stock": 100, "is_available": true, "category": 3, "created_date": "2021-07-19T15:38:05.140Z", "modified_date": "2021-07-19T15:38:05.140Z"}}, {"model": "store.product", "pk": 13, "fields": {"product_name": "adidas Women's Cloudfoam Pure Running Shoe", "slug": "adidas-womens-cloudfoam-pure-running-shoe", "description": "Explore your surroundings. These adidas running-inspired shoes feature a foot-hugging knit upper and a female-friendly fit. Soft midsole cushioning adds comfort as you head out for coffee or discover a busy side street.", "price": 148, "image": "products/71G0sB8FnFL._AC_UX575__1.jpg", "stock": 99, "is_available": true, "category": 3, "created_date": "2021-07-19T15:39:03.139Z", "modified_date": "2021-07-27T15:17:58.745Z"}}, {"model": "store.product", "pk": 14, "fields": {"product_name": "Under Armour Men's Charged Assert 8 Mrble Running Shoe", "slug": "under-armour-mens-charged-assert-8-mrble-running-shoe", "description": "Lightweight mesh upper with 3-color digital print delivers complete breathability. Durable leather overlays for stability & that locks in your midfoot. EVA sockliner provides soft, step-in comfort. Charged Cushioning midsole uses compression molded foam for ultimate responsiveness & durability. Solid rubber outsole covers high impact zones for greater durability with less weight.", "price": 73, "image": "products/71wKZYa92ES._AC_UX575_.jpg", "stock": 100, "is_available": true, "category": 3, "created_date": "2021-07-19T15:40:55.804Z", "modified_date": "2021-07-19T15:40:55.804Z"}}, {"model": "store.product", "pk": 15, "fields": {"product_name": "PUMA Men's Tazon 6 Fade Cross-Trainer Shoe", "slug": "puma-mens-tazon-6-fade-cross-trainer-shoe", "description": "PUMA is the global athletic brand that successfully fuses influences from sport, lifestyle and fashion. PUMA's unique industry perspective delivers the unexpected in sport-lifestyle footwear, apparel and accessories, through technical innovation and revolutionary design.", "price": 120, "image": "products/81zhfK3tPTL._AC_UX575_.jpg", "stock": 100, "is_available": true, "category": 3, "created_date": "2021-07-19T15:43:19.059Z", "modified_date": "2021-07-19T15:43:19.059Z"}}, {"model": "store.product", "pk": 16, "fields": {"product_name": "MAGCOMSEN Men's Polo Shirt Quick Dry Performance Long and Short Sleeve", "slug": "magcomsen-mens-polo-shirt-quick-dry-performance-long-and-short-sleeve", "description": "This men's long and short sleeve polo shirt features Sweat-wicking material that pulls moisture away from the body to keep you cool and dry", "price": 24, "image": "products/81CsFpeR95L._AC_UX569_.jpg", "stock": 100, "is_available": true, "category": 2, "created_date": "2021-07-19T15:45:06.125Z", "modified_date": "2021-07-19T15:45:06.125Z"}}, {"model": "store.product", "pk": 17, "fields": {"product_name": "Nike Sportswear Men's Logo T-Shirt", "slug": "nike-sportswear-mens-logo-t-shirt", "description": "Nike Men's Futura Icon Swoosh T-Shirt", "price": 64, "image": "products/51Jh8qyxrOL._AC_UX569_.jpg", "stock": 100, "is_available": true, "category": 2, "created_date": "2021-07-19T15:45:56.110Z", "modified_date": "2021-07-19T15:45:56.110Z"}}, {"model": "store.product", "pk": 18, "fields": {"product_name": "Under Armour Men's Tech 2.0 Short-Sleeve T-Shirt", "slug": "under-armour-mens-tech-20-short-sleeve-t-shirt", "description": "UA Tech fabric is quick-drying, ultra-soft & has a more natural feel. Material wicks sweat & dries really fast. Anti-odor technology is a superlative innovation which helps prevents odor. New, streamlined fit & shaped hem.", "price": 52, "image": "products/91AP-gUYElS._AC_SY879_.jpg", "stock": 96, "is_available": true, "category": 2, "created_date": "2021-07-19T15:46:46.603Z", "modified_date": "2021-07-26T16:09:32.191Z"}}, {"model": "store.product", "pk": 19, "fields": {"product_name": "BALEAF Men's Long Sleeve Shirts Lightweight UPF 50+ Sun Protection", "slug": "baleaf-mens-long-sleeve-shirts-lightweight-upf-50-sun-protection-spf-t-shirts-fishing-hiking-running", "description": "Baleaf has engineered this men's angler long-sleeve tee with quick-drying. The shirts provide long-lasting UV protection, and make you feel cool and comfortable all day long.", "price": 33, "image": "products/61nQyMbcJoL._AC_UY550_.jpg", "stock": 95, "is_available": true, "category": 2, "created_date": "2021-07-19T15:47:53.234Z", "modified_date": "2021-07-27T15:17:58.601Z"}}, {"model": "store.product", "pk": 20, "fields": {"product_name": "Gildan Men's Ultra Cotton T-Shirt, Style G2000, 2-Pack", "slug": "gildan-mens-ultra-cotton-t-shirt-style-g2000-2-pack", "description": "The Gildan Ultra Cotton T-shirt is made from a substantial 6.0 oz. per sq. yd. fabric constructed from 100% cotton, this classic fit preshrunk jersey knit provides unmatched comfort with each wear. Featuring a taped neck and shoulder, and a seamless double-needle collar, and available in a range of colors, it offers it all in the ultimate head-turning package. Gildan is one of the world's largest vertically integrated manufacturers of apparel and socks. Gildan uses cotton grown in the USA", "price": 27, "image": "products/71HuLCyNNhL._AC_UX569_.jpg", "stock": 99, "is_available": true, "category": 2, "created_date": "2021-07-19T15:49:36.511Z", "modified_date": "2021-07-26T16:03:47.176Z"}}, {"model": "store.product", "pk": 21, "fields": {"product_name": "ATG by Wrangler Men's Long Sleeve Mixed Material Shirt", "slug": "atg-by-wrangler-mens-long-sleeve-mixed-material-shirt", "description": "ALL TERRAIN GEAR: Youre ready to take on your next great adventure, which is why ATG x Wrangler brings you performance outdoor apparel thats got you covered. Nature doesnt hold back, which is why weve designed a full collection of tops, pants, shorts, outerwear and more with stretch, moisture-wicking fabric that helps block the sun with UPF protection and keep you dry for comfort that doesnt quit. The line is packed with innovative outdoor tech features like sunglasses cleaner at the hem of", "price": 50, "image": "products/819LCbHkL3L._AC_UY550_.jpg", "stock": 98, "is_available": true, "category": 1, "created_date": "2021-07-19T15:51:07.003Z", "modified_date": "2021-07-26T16:05:03.256Z"}}, {"model": "store.product", "pk": 22, "fields": {"product_name": "Columbia Men's Bahama Ii Short Sleeve Shirt", "slug": "columbia-mens-bahama-ii-short-sleeve-shirt", "description": "Columbia's PFG line is loved by everyone, but specifically designed with anglers in mind. Its comfort and functionality make this Columbia Men's PFG Bahama II Short Sleeve Shirt a first choice for enjoying a day out on the water and in the sun. The high quality materials used to craft this men's fishing shirt are what make it so special, while its modern classic fit speak to style and comfort.", "price": 104, "image": "products/61DPCjxDs6S._AC_SX679_.jpg", "stock": 99, "is_available": true, "category": 1, "created_date": "2021-07-19T15:52:02.764Z", "modified_date": "2021-07-26T15:51:00.578Z"}}, {"model": "store.product", "pk": 23, "fields": {"product_name": "Hurley Men's One and Only Textured Short Sleeve Button Up", "slug": "hurley-mens-one-and-only-textured-short-sleeve-button-up", "description": "The Hurley one and only men's short sleeve shirt is made with pure cotton for all-day comfort and lasting wear.", "price": 96, "image": "products/81lSSZiJYxL._AC_UX569_.jpg", "stock": 98, "is_available": true, "category": 1, "created_date": "2021-07-19T15:52:57.881Z", "modified_date": "2021-07-26T16:23:52.539Z"}}, {"model": "store.product", "pk": 24, "fields": {"product_name": "Columbia Men's Bahama II Long Sleeve Shirt", "slug": "columbia-mens-bahama-ii-long-sleeve-shirt", "description": "Columbia's PFG line is loved by everyone, but specifically designed with anglers in mind. Its comfort and functionality make this Columbia Men's PFG Bahama II Long Sleeve Shirt a first choice for enjoying a day out on the water and in the sun. The high quality materials used to craft this men's fishing shirt are what make it so special, while its modern classic fit speak to style and comfort.", "price": 131, "image": "products/61pKaumMdKL._AC_UX569_.jpg", "stock": 90, "is_available": true, "category": 1, "created_date": "2021-07-19T15:55:48.285Z", "modified_date": "2021-07-26T15:28:25.256Z"}}, {"model": "store.product", "pk": 25, "fields": {"product_name": "Amazon Essentials Men's Regular-fit Long-Sleeve Plaid Flannel Shirt", "slug": "amazon-essentials-mens-regular-fit-long-sleeve-plaid-flannel-shirt", "description": "Midweight flannel make this button-up shirt a go-to pick when the temperature drops", "price": 18, "image": "products/91y6ZR-EKYL._AC_UX569_.jpg", "stock": 83, "is_available": true, "category": 1, "created_date": "2021-07-19T15:56:30.213Z", "modified_date": "2021-07-26T16:21:12.110Z"}}, {"model": "store.variation", "pk": 1, "fields": {"product": 1, "variation_category": "color", "variation_value": "White", "is_active": true, "created_date": "2021-07-21T15:14:07.452Z"}}, {"model": "store.variation", "pk": 2, "fields": {"product": 1, "variation_category": "color", "variation_value": "Black", "is_active": true, "created_date": "2021-07-21T15:14:07.452Z"}}, {"model": "store.variation", "pk": 3, "fields": {"product": 1, "variation_category": "color", "variation_value": "Green", "is_active": true, "created_date": "2021-07-21T15:14:07.452Z"}}, {"model": "store.variation", "pk": 4, "fields": {"product": 1, "variation_category": "size", "variation_value": "L", "is_active": true, "created_date": "2021-07-21T15:14:07.452Z"}}, {"model": "store.variation", "pk": 5, "fields": {"product": 1, "variation_category": "size", "variation_value": "S", "is_active": true, "created_date": "2021-07-21T15:14:07.452Z"}}, {"model": "store.variation", "pk": 6, "fields": {"product": 2, "variation_category": "color", "variation_value": "Red", "is_active": true, "created_date": "2021-07-21T15:14:07.452Z"}}, {"model": "store.variation", "pk": 7, "fields": {"product": 2, "variation_category": "color", "variation_value": "Brown", "is_active": true, "created_date": "2021-07-21T15:14:07.452Z"}}, {"model": "store.variation", "pk": 8, "fields": {"product": 2, "variation_category": "color", "variation_value": "Orange", "is_active": true, "created_date": "2021-07-21T15:14:07.452Z"}}, {"model": "store.variation", "pk": 9, "fields": {"product": 2, "variation_category": "size", "variation_value": "XL", "is_active": true, "created_date": "2021-07-21T15:14:07.452Z"}}, {"model": "store.variation", "pk": 10, "fields": {"product": 2, "variation_category": "size", "variation_value": "XXL", "is_active": true, "created_date": "2021-07-21T15:14:07.452Z"}}, {"model": "store.variation", "pk": 11, "fields": {"product": 3, "variation_category": "color", "variation_value": "Purple", "is_active": true, "created_date": "2021-07-21T15:14:07.452Z"}}, {"model": "store.variation", "pk": 12, "fields": {"product": 3, "variation_category": "color", "variation_value": "Violet", "is_active": true, "created_date": "2021-07-21T15:14:07.452Z"}}, {"model": "store.variation", "pk": 13, "fields": {"product": 3, "variation_category": "color", "variation_value": "Beige", "is_active": true, "created_date": "2021-07-21T15:14:07.452Z"}}, {"model": "store.variation", "pk": 14, "fields": {"product": 3, "variation_category": "size", "variation_value": "XL", "is_active": true, "created_date": "2021-07-21T15:14:07.452Z"}}, {"model": "store.variation", "pk": 15, "fields": {"product": 3, "variation_category": "size", "variation_value": "XXL", "is_active": true, "created_date": "2021-07-21T15:14:07.452Z"}}, {"model": "store.variation", "pk": 16, "fields": {"product": 4, "variation_category": "color", "variation_value": "Gold", "is_active": true, "created_date": "2021-07-21T15:14:07.452Z"}}, {"model": "store.variation", "pk": 17, "fields": {"product": 4, "variation_category": "color", "variation_value": "Turquoise", "is_active": true, "created_date": "2021-07-21T15:14:07.452Z"}}, {"model": "store.variation", "pk": 18, "fields": {"product": 4, "variation_category": "color", "variation_value": "Emerald", "is_active": true, "created_date": "2021-07-21T15:14:07.452Z"}}, {"model": "store.variation", "pk": 19, "fields": {"product": 4, "variation_category": "size", "variation_value": "XL", "is_active": true, "created_date": "2021-07-21T15:14:07.452Z"}}, {"model": "store.variation", "pk": 20, "fields": {"product": 4, "variation_category": "size", "variation_value": "XXL", "is_active": true, "created_date": "2021-07-22T06:50:11.561Z"}}, {"model": "store.variation", "pk": 21, "fields": {"product": 5, "variation_category": "color", "variation_value": "White", "is_active": true, "created_date": "2021-07-21T15:14:07.452Z"}}, {"model": "store.variation", "pk": 22, "fields": {"product": 5, "variation_category": "color", "variation_value": "Black", "is_active": true, "created_date": "2021-07-21T15:14:07.452Z"}}, {"model": "store.variation", "pk": 23, "fields": {"product": 5, "variation_category": "color", "variation_value": "Green", "is_active": true, "created_date": "2021-07-21T15:14:07.452Z"}}, {"model": "store.variation", "pk": 24, "fields": {"product": 5, "variation_category": "size", "variation_value": "S", "is_active": true, "created_date": "2021-07-21T15:14:07.452Z"}}, {"model": "store.variation", "pk": 25, "fields": {"product": 5, "variation_category": "size", "variation_value": "L", "is_active": true, "created_date": "2021-07-21T15:14:07.452Z"}}, {"model": "store.variation", "pk": 26, "fields": {"product": 6, "variation_category": "color", "variation_value": "Red", "is_active": true, "created_date": "2021-07-21T15:14:07.452Z"}}, {"model": "store.variation", "pk": 27, "fields": {"product": 6, "variation_category": "color", "variation_value": "Brown", "is_active": true, "created_date": "2021-07-21T15:14:07.452Z"}}, {"model": "store.variation", "pk": 28, "fields": {"product": 6, "variation_category": "color", "variation_value": "Orange", "is_active": true, "created_date": "2021-07-21T15:14:07.452Z"}}, {"model": "store.variation", "pk": 29, "fields": {"product": 6, "variation_category": "size", "variation_value": "XXL", "is_active": true, "created_date": "2021-07-21T15:14:07.452Z"}}, {"model": "store.variation", "pk": 30, "fields": {"product": 6, "variation_category": "size", "variation_value": "XL", "is_active": true, "created_date": "2021-07-21T15:14:07.452Z"}}, {"model": "store.variation", "pk": 31, "fields": {"product": 7, "variation_category": "color", "variation_value": "Purple", "is_active": true, "created_date": "2021-07-21T15:14:07.452Z"}}, {"model": "store.variation", "pk": 32, "fields": {"product": 7, "variation_category": "color", "variation_value": "Violet", "is_active": true, "created_date": "2021-07-21T15:14:07.452Z"}}, {"model": "store.variation", "pk": 33, "fields": {"product": 7, "variation_category": "color", "variation_value": "Beige", "is_active": true, "created_date": "2021-07-21T15:14:07.452Z"}}, {"model": "store.variation", "pk": 34, "fields": {"product": 7, "variation_category": "size", "variation_value": "XL", "is_active": true, "created_date": "2021-07-21T15:14:07.452Z"}}, {"model": "store.variation", "pk": 35, "fields": {"product": 7, "variation_category": "size", "variation_value": "S", "is_active": true, "created_date": "2021-07-21T15:14:07.452Z"}}, {"model": "store.variation", "pk": 36, "fields": {"product": 8, "variation_category": "color", "variation_value": "Gold", "is_active": true, "created_date": "2021-07-21T15:14:07.452Z"}}, {"model": "store.variation", "pk": 37, "fields": {"product": 8, "variation_category": "color", "variation_value": "Turquoise", "is_active": true, "created_date": "2021-07-21T15:14:07.452Z"}}, {"model": "store.variation", "pk": 38, "fields": {"product": 8, "variation_category": "color", "variation_value": "Emerald", "is_active": true, "created_date": "2021-07-21T15:14:07.452Z"}}, {"model": "store.variation", "pk": 39, "fields": {"product": 8, "variation_category": "size", "variation_value": "L", "is_active": true, "created_date": "2021-07-21T15:14:07.452Z"}}, {"model": "store.variation", "pk": 40, "fields": {"product": 8, "variation_category": "size", "variation_value": "XXL", "is_active": true, "created_date": "2021-07-21T15:14:07.452Z"}}, {"model": "store.variation", "pk": 41, "fields": {"product": 9, "variation_category": "color", "variation_value": "White", "is_active": true, "created_date": "2021-07-21T15:14:07.452Z"}}, {"model": "store.variation", "pk": 42, "fields": {"product": 9, "variation_category": "color", "variation_value": "Black", "is_active": true, "created_date": "2021-07-21T15:14:07.452Z"}}, {"model": "store.variation", "pk": 43, "fields": {"product": 9, "variation_category": "color", "variation_value": "Green", "is_active": true, "created_date": "2021-07-21T15:14:07.452Z"}}, {"model": "store.variation", "pk": 44, "fields": {"product": 9, "variation_category": "size", "variation_value": "XXL", "is_active": true, "created_date": "2021-07-22T06:51:35.579Z"}}, {"model": "store.variation", "pk": 45, "fields": {"product": 9, "variation_category": "size", "variation_value": "XL", "is_active": true, "created_date": "2021-07-21T15:14:07.452Z"}}, {"model": "store.variation", "pk": 46, "fields": {"product": 10, "variation_category": "color", "variation_value": "Red", "is_active": true, "created_date": "2021-07-21T15:14:07.452Z"}}, {"model": "store.variation", "pk": 47, "fields": {"product": 10, "variation_category": "color", "variation_value": "Brown", "is_active": true, "created_date": "2021-07-21T15:14:07.452Z"}}, {"model": "store.variation", "pk": 48, "fields": {"product": 10, "variation_category": "color", "variation_value": "Orange", "is_active": true, "created_date": "2021-07-21T15:14:07.452Z"}}, {"model": "store.variation", "pk": 49, "fields": {"product": 10, "variation_category": "size", "variation_value": "S", "is_active": true, "created_date": "2021-07-21T15:14:07.452Z"}}, {"model": "store.variation", "pk": 50, "fields": {"product": 10, "variation_category": "size", "variation_value": "L", "is_active": true, "created_date": "2021-07-21T15:14:07.452Z"}}, {"model": "store.variation", "pk": 51, "fields": {"product": 11, "variation_category": "color", "variation_value": "Purple", "is_active": true, "created_date": "2021-07-21T15:14:07.452Z"}}, {"model": "store.variation", "pk": 52, "fields": {"product": 11, "variation_category": "color", "variation_value": "Violet", "is_active": true, "created_date": "2021-07-21T15:14:07.452Z"}}, {"model": "store.variation", "pk": 53, "fields": {"product": 11, "variation_category": "color", "variation_value": "Beige", "is_active": true, "created_date": "2021-07-21T15:14:07.452Z"}}, {"model": "store.variation", "pk": 54, "fields": {"product": 11, "variation_category": "size", "variation_value": "XXL", "is_active": true, "created_date": "2021-07-21T15:14:07.452Z"}}, {"model": "store.variation", "pk": 55, "fields": {"product": 11, "variation_category": "size", "variation_value": "XL", "is_active": true, "created_date": "2021-07-21T15:14:07.452Z"}}, {"model": "store.variation", "pk": 56, "fields": {"product": 12, "variation_category": "color", "variation_value": "Gold", "is_active": true, "created_date": "2021-07-21T15:14:07.452Z"}}, {"model": "store.variation", "pk": 57, "fields": {"product": 12, "variation_category": "color", "variation_value": "Turquoise", "is_active": true, "created_date": "2021-07-21T15:14:07.452Z"}}, {"model": "store.variation", "pk": 58, "fields": {"product": 12, "variation_category": "color", "variation_value": "Emerald", "is_active": true, "created_date": "2021-07-21T15:14:07.452Z"}}, {"model": "store.variation", "pk": 59, "fields": {"product": 12, "variation_category": "size", "variation_value": "XL", "is_active": true, "created_date": "2021-07-21T15:14:07.452Z"}}, {"model": "store.variation", "pk": 60, "fields": {"product": 12, "variation_category": "size", "variation_value": "S", "is_active": true, "created_date": "2021-07-21T15:14:07.452Z"}}, {"model": "store.variation", "pk": 61, "fields": {"product": 13, "variation_category": "color", "variation_value": "White", "is_active": true, "created_date": "2021-07-21T15:14:07.452Z"}}, {"model": "store.variation", "pk": 62, "fields": {"product": 13, "variation_category": "color", "variation_value": "Black", "is_active": true, "created_date": "2021-07-21T15:14:07.452Z"}}, {"model": "store.variation", "pk": 63, "fields": {"product": 13, "variation_category": "color", "variation_value": "Green", "is_active": true, "created_date": "2021-07-21T15:14:07.452Z"}}, {"model": "store.variation", "pk": 64, "fields": {"product": 13, "variation_category": "size", "variation_value": "L", "is_active": true, "created_date": "2021-07-21T15:14:07.452Z"}}, {"model": "store.variation", "pk": 65, "fields": {"product": 13, "variation_category": "size", "variation_value": "XXL", "is_active": true, "created_date": "2021-07-21T15:14:07.452Z"}}, {"model": "store.variation", "pk": 66, "fields": {"product": 14, "variation_category": "color", "variation_value": "Red", "is_active": true, "created_date": "2021-07-21T15:14:07.452Z"}}, {"model": "store.variation", "pk": 67, "fields": {"product": 14, "variation_category": "color", "variation_value": "Brown", "is_active": true, "created_date": "2021-07-21T15:14:07.452Z"}}, {"model": "store.variation", "pk": 68, "fields": {"product": 14, "variation_category": "color", "variation_value": "Orange", "is_active": true, "created_date": "2021-07-21T15:14:07.452Z"}}, {"model": "store.variation", "pk": 69, "fields": {"product": 14, "variation_category": "size", "variation_value": "XL", "is_active": true, "created_date": "2021-07-21T15:14:07.452Z"}}, {"model": "store.variation", "pk": 70, "fields": {"product": 14, "variation_category": "size", "variation_value": "XXL", "is_active": true, "created_date": "2021-07-22T06:51:26.914Z"}}, {"model": "store.variation", "pk": 71, "fields": {"product": 15, "variation_category": "color", "variation_value": "Purple", "is_active": true, "created_date": "2021-07-21T15:14:07.452Z"}}, {"model": "store.variation", "pk": 72, "fields": {"product": 15, "variation_category": "color", "variation_value": "Violet", "is_active": true, "created_date": "2021-07-21T15:14:07.452Z"}}, {"model": "store.variation", "pk": 73, "fields": {"product": 15, "variation_category": "color", "variation_value": "Beige", "is_active": true, "created_date": "2021-07-21T15:14:07.452Z"}}, {"model": "store.variation", "pk": 74, "fields": {"product": 15, "variation_category": "size", "variation_value": "S", "is_active": true, "created_date": "2021-07-21T15:14:07.452Z"}}, {"model": "store.variation", "pk": 75, "fields": {"product": 15, "variation_category": "size", "variation_value": "L", "is_active": true, "created_date": "2021-07-21T15:14:07.452Z"}}, {"model": "store.variation", "pk": 76, "fields": {"product": 16, "variation_category": "size", "variation_value": "S", "is_active": true, "created_date": "2021-07-22T06:52:04.808Z"}}, {"model": "store.variation", "pk": 77, "fields": {"product": 16, "variation_category": "size", "variation_value": "XL", "is_active": true, "created_date": "2021-07-21T15:14:07.452Z"}}, {"model": "store.variation", "pk": 78, "fields": {"product": 16, "variation_category": "size", "variation_value": "XXL", "is_active": true, "created_date": "2021-07-22T06:51:22.030Z"}}, {"model": "store.variation", "pk": 79, "fields": {"product": 16, "variation_category": "color", "variation_value": "White", "is_active": true, "created_date": "2021-07-21T15:14:07.452Z"}}, {"model": "store.variation", "pk": 80, "fields": {"product": 16, "variation_category": "color", "variation_value": "Black", "is_active": true, "created_date": "2021-07-21T15:14:07.452Z"}}, {"model": "store.variation", "pk": 81, "fields": {"product": 17, "variation_category": "size", "variation_value": "S", "is_active": true, "created_date": "2021-07-21T15:14:07.452Z"}}, {"model": "store.variation", "pk": 82, "fields": {"product": 17, "variation_category": "size", "variation_value": "L", "is_active": true, "created_date": "2021-07-21T15:14:07.452Z"}}, {"model": "store.variation", "pk": 83, "fields": {"product": 17, "variation_category": "size", "variation_value": "XXL", "is_active": true, "created_date": "2021-07-21T15:14:07.452Z"}}, {"model": "store.variation", "pk": 84, "fields": {"product": 17, "variation_category": "color", "variation_value": "Red", "is_active": true, "created_date": "2021-07-21T15:14:07.452Z"}}, {"model": "store.variation", "pk": 85, "fields": {"product": 17, "variation_category": "color", "variation_value": "Brown", "is_active": true, "created_date": "2021-07-21T15:14:07.452Z"}}, {"model": "store.variation", "pk": 86, "fields": {"product": 18, "variation_category": "size", "variation_value": "XL", "is_active": true, "created_date": "2021-07-21T15:14:07.452Z"}}, {"model": "store.variation", "pk": 87, "fields": {"product": 18, "variation_category": "size", "variation_value": "XXL", "is_active": true, "created_date": "2021-07-22T06:51:16.758Z"}}, {"model": "store.variation", "pk": 88, "fields": {"product": 18, "variation_category": "size", "variation_value": "S", "is_active": true, "created_date": "2021-07-21T15:14:07.452Z"}}, {"model": "store.variation", "pk": 89, "fields": {"product": 18, "variation_category": "color", "variation_value": "Purple", "is_active": true, "created_date": "2021-07-21T15:14:07.452Z"}}, {"model": "store.variation", "pk": 90, "fields": {"product": 18, "variation_category": "color", "variation_value": "Violet", "is_active": true, "created_date": "2021-07-21T15:14:07.452Z"}}, {"model": "store.variation", "pk": 91, "fields": {"product": 19, "variation_category": "size", "variation_value": "L", "is_active": true, "created_date": "2021-07-21T15:14:07.452Z"}}, {"model": "store.variation", "pk": 92, "fields": {"product": 19, "variation_category": "size", "variation_value": "XXL", "is_active": true, "created_date": "2021-07-21T15:14:07.452Z"}}, {"model": "store.variation", "pk": 93, "fields": {"product": 19, "variation_category": "size", "variation_value": "XL", "is_active": true, "created_date": "2021-07-21T15:14:07.452Z"}}, {"model": "store.variation", "pk": 94, "fields": {"product": 19, "variation_category": "color", "variation_value": "Gold", "is_active": true, "created_date": "2021-07-21T15:14:07.452Z"}}, {"model": "store.variation", "pk": 95, "fields": {"product": 19, "variation_category": "color", "variation_value": "Turquoise", "is_active": true, "created_date": "2021-07-21T15:14:07.452Z"}}, {"model": "store.variation", "pk": 96, "fields": {"product": 20, "variation_category": "size", "variation_value": "XL", "is_active": true, "created_date": "2021-07-21T15:14:07.452Z"}}, {"model": "store.variation", "pk": 97, "fields": {"product": 20, "variation_category": "size", "variation_value": "S", "is_active": true, "created_date": "2021-07-21T15:14:07.452Z"}}, {"model": "store.variation", "pk": 98, "fields": {"product": 20, "variation_category": "size", "variation_value": "L", "is_active": true, "created_date": "2021-07-21T15:14:07.452Z"}}, {"model": "store.variation", "pk": 99, "fields": {"product": 20, "variation_category": "color", "variation_value": "White", "is_active": true, "created_date": "2021-07-21T15:14:07.452Z"}}, {"model": "store.variation", "pk": 100, "fields": {"product": 20, "variation_category": "color", "variation_value": "Black", "is_active": true, "created_date": "2021-07-21T15:14:07.452Z"}}, {"model": "store.variation", "pk": 101, "fields": {"product": 21, "variation_category": "size", "variation_value": "XXL", "is_active": true, "created_date": "2021-07-21T15:14:07.452Z"}}, {"model": "store.variation", "pk": 102, "fields": {"product": 21, "variation_category": "size", "variation_value": "S", "is_active": true, "created_date": "2021-07-22T06:51:49.465Z"}}, {"model": "store.variation", "pk": 103, "fields": {"product": 21, "variation_category": "size", "variation_value": "XL", "is_active": true, "created_date": "2021-07-21T15:14:07.452Z"}}, {"model": "store.variation", "pk": 104, "fields": {"product": 21, "variation_category": "color", "variation_value": "Red", "is_active": true, "created_date": "2021-07-21T15:14:07.452Z"}}, {"model": "store.variation", "pk": 105, "fields": {"product": 21, "variation_category": "color", "variation_value": "Brown", "is_active": true, "created_date": "2021-07-21T15:14:07.452Z"}}, {"model": "store.variation", "pk": 106, "fields": {"product": 22, "variation_category": "size", "variation_value": "S", "is_active": true, "created_date": "2021-07-21T15:14:07.452Z"}}, {"model": "store.variation", "pk": 107, "fields": {"product": 22, "variation_category": "size", "variation_value": "L", "is_active": true, "created_date": "2021-07-21T15:14:07.452Z"}}, {"model": "store.variation", "pk": 108, "fields": {"product": 22, "variation_category": "size", "variation_value": "XXL", "is_active": true, "created_date": "2021-07-21T15:14:07.452Z"}}, {"model": "store.variation", "pk": 109, "fields": {"product": 22, "variation_category": "color", "variation_value": "Purple", "is_active": true, "created_date": "2021-07-21T15:14:07.452Z"}}, {"model": "store.variation", "pk": 110, "fields": {"product": 22, "variation_category": "color", "variation_value": "Violet", "is_active": true, "created_date": "2021-07-21T15:14:07.452Z"}}, {"model": "store.variation", "pk": 111, "fields": {"product": 23, "variation_category": "size", "variation_value": "XXL", "is_active": true, "created_date": "2021-07-22T06:51:06.778Z"}}, {"model": "store.variation", "pk": 112, "fields": {"product": 23, "variation_category": "size", "variation_value": "XL", "is_active": true, "created_date": "2021-07-21T15:14:07.452Z"}}, {"model": "store.variation", "pk": 113, "fields": {"product": 23, "variation_category": "size", "variation_value": "S", "is_active": true, "created_date": "2021-07-21T15:14:07.452Z"}}, {"model": "store.variation", "pk": 114, "fields": {"product": 23, "variation_category": "color", "variation_value": "Gold", "is_active": true, "created_date": "2021-07-21T15:14:07.453Z"}}, {"model": "store.variation", "pk": 115, "fields": {"product": 23, "variation_category": "color", "variation_value": "Turquoise", "is_active": true, "created_date": "2021-07-21T15:14:07.453Z"}}, {"model": "store.variation", "pk": 116, "fields": {"product": 24, "variation_category": "size", "variation_value": "L", "is_active": true, "created_date": "2021-07-21T15:14:07.453Z"}}, {"model": "store.variation", "pk": 117, "fields": {"product": 24, "variation_category": "size", "variation_value": "XXL", "is_active": true, "created_date": "2021-07-21T15:14:07.453Z"}}, {"model": "store.variation", "pk": 118, "fields": {"product": 24, "variation_category": "size", "variation_value": "XL", "is_active": true, "created_date": "2021-07-21T15:14:07.453Z"}}, {"model": "store.variation", "pk": 119, "fields": {"product": 24, "variation_category": "color", "variation_value": "White", "is_active": true, "created_date": "2021-07-21T15:14:07.453Z"}}, {"model": "store.variation", "pk": 120, "fields": {"product": 24, "variation_category": "color", "variation_value": "Black", "is_active": true, "created_date": "2021-07-21T15:14:07.453Z"}}, {"model": "store.variation", "pk": 121, "fields": {"product": 25, "variation_category": "size", "variation_value": "XL", "is_active": true, "created_date": "2021-07-21T15:14:07.453Z"}}, {"model": "store.variation", "pk": 122, "fields": {"product": 25, "variation_category": "size", "variation_value": "S", "is_active": true, "created_date": "2021-07-21T15:14:07.453Z"}}, {"model": "store.variation", "pk": 123, "fields": {"product": 25, "variation_category": "size", "variation_value": "L", "is_active": true, "created_date": "2021-07-21T15:14:07.453Z"}}, {"model": "store.variation", "pk": 124, "fields": {"product": 25, "variation_category": "color", "variation_value": "Red", "is_active": true, "created_date": "2021-07-21T15:14:07.453Z"}}, {"model": "store.variation", "pk": 125, "fields": {"product": 25, "variation_category": "color", "variation_value": "Brown", "is_active": true, "created_date": "2021-07-21T15:14:07.453Z"}}, {"model": "store.reviewrating", "pk": 2, "fields": {"product": 5, "user": 8, "subject": "Love it", "review": "Like it fit well", "rating": 3.0, "ip": "127.0.0.2", "status": true, "created_at": "2021-07-27T09:05:29.264Z", "updated_at": "2021-07-27T14:35:19.978Z"}}, {"model": "store.reviewrating", "pk": 3, "fields": {"product": 17, "user": 8, "subject": "Will be buying more!", "review": "It was a birthday gift for my husband and it fit Great. I already washed it and there were minimal wrinkles. My husband is 5'11 230lb. Color was awesome too.", "rating": 5.0, "ip": "127.0.0.3", "status": true, "created_at": "2021-07-27T09:05:29.264Z", "updated_at": "2021-07-27T14:35:19.978Z"}}, {"model": "store.reviewrating", "pk": 4, "fields": {"product": 12, "user": 8, "subject": "Excellent", "review": "Great fabric quality, very soft!", "rating": 2.0, "ip": "127.0.0.4", "status": true, "created_at": "2021-07-27T09:05:29.264Z", "updated_at": "2021-07-27T14:35:19.978Z"}}, {"model": "store.reviewrating", "pk": 5, "fields": {"product": 22, "user": 8, "subject": "Good quality", "review": "The fit was perfect", "rating": 4.0, "ip": "127.0.0.5", "status": true, "created_at": "2021-07-27T09:05:29.264Z", "updated_at": "2021-07-27T14:35:19.978Z"}}, {"model": "store.reviewrating", "pk": 6, "fields": {"product": 7, "user": 8, "subject": "Cool n comfortable!", "review": "I love this material. THIN and COOL for the tropics. Easy wash n dry.", "rating": 3.0, "ip": "127.0.0.6", "status": true, "created_at": "2021-07-27T09:05:29.264Z", "updated_at": "2021-07-27T14:35:19.978Z"}}, {"model": "store.reviewrating", "pk": 7, "fields": {"product": 9, "user": 8, "subject": "Love it", "review": "Like it fit well", "rating": 4.0, "ip": "127.0.0.7", "status": true, "created_at": "2021-07-27T09:05:29.264Z", "updated_at": "2021-07-27T14:35:19.978Z"}}, {"model": "store.reviewrating", "pk": 8, "fields": {"product": 1, "user": 8, "subject": "Will be buying more!", "review": "It was a birthday gift for my husband and it fit Great. I already washed it and there were minimal wrinkles. My husband is 5'11 230lb. Color was awesome too.", "rating": 2.0, "ip": "127.0.0.8", "status": true, "created_at": "2021-07-27T09:05:29.264Z", "updated_at": "2021-07-27T14:35:19.978Z"}}, {"model": "store.reviewrating", "pk": 9, "fields": {"product": 5, "user": 8, "subject": "Excellent", "review": "Great fabric quality, very soft!", "rating": 5.0, "ip": "127.0.0.9", "status": true, "created_at": "2021-07-27T09:05:29.264Z", "updated_at": "2021-07-27T14:35:19.978Z"}}, {"model": "store.reviewrating", "pk": 10, "fields": {"product": 15, "user": 8, "subject": "Good quality", "review": "The fit was perfect", "rating": 2.0, "ip": "127.0.0.10", "status": true, "created_at": "2021-07-27T09:05:29.264Z", "updated_at": "2021-07-27T14:35:19.978Z"}}, {"model": "store.reviewrating", "pk": 11, "fields": {"product": 18, "user": 8, "subject": "Cool n comfortable!", "review": "I love this material. THIN and COOL for the tropics. Easy wash n dry.", "rating": 3.0, "ip": "127.0.0.11", "status": true, "created_at": "2021-07-27T09:05:29.264Z", "updated_at": "2021-07-27T14:35:19.978Z"}}, {"model": "store.reviewrating", "pk": 12, "fields": {"product": 8, "user": 8, "subject": "Love it", "review": "Like it fit well", "rating": 1.0, "ip": "127.0.0.12", "status": true, "created_at": "2021-07-27T09:05:29.264Z", "updated_at": "2021-07-27T14:35:19.978Z"}}, {"model": "store.reviewrating", "pk": 13, "fields": {"product": 4, "user": 8, "subject": "Will be buying more!", "review": "It was a birthday gift for my husband and it fit Great. I already washed it and there were minimal wrinkles. My husband is 5'11 230lb. Color was awesome too.", "rating": 1.0, "ip": "127.0.0.13", "status": true, "created_at": "2021-07-27T09:05:29.264Z", "updated_at": "2021-07-27T14:35:19.978Z"}}, {"model": "store.reviewrating", "pk": 14, "fields": {"product": 20, "user": 8, "subject": "Excellent", "review": "Great fabric quality, very soft!", "rating": 1.0, "ip": "127.0.0.14", "status": true, "created_at": "2021-07-27T09:05:29.264Z", "updated_at": "2021-07-27T14:35:19.978Z"}}, {"model": "store.reviewrating", "pk": 15, "fields": {"product": 25, "user": 8, "subject": "Good quality", "review": "The fit was perfect", "rating": 2.0, "ip": "127.0.0.15", "status": true, "created_at": "2021-07-27T09:05:29.264Z", "updated_at": "2021-07-27T14:35:19.978Z"}}, {"model": "store.reviewrating", "pk": 16, "fields": {"product": 19, "user": 8, "subject": "Cool n comfortable!", "review": "I love this material. THIN and COOL for the tropics. Easy wash n dry.", "rating": 3.0, "ip": "127.0.0.16", "status": true, "created_at": "2021-07-27T09:05:29.264Z", "updated_at": "2021-07-27T14:35:19.978Z"}}, {"model": "store.reviewrating", "pk": 17, "fields": {"product": 18, "user": 8, "subject": "Love it", "review": "Like it fit well", "rating": 3.0, "ip": "127.0.0.17", "status": true, "created_at": "2021-07-27T09:05:29.264Z", "updated_at": "2021-07-27T14:35:19.978Z"}}, {"model": "store.reviewrating", "pk": 18, "fields": {"product": 2, "user": 8, "subject": "Will be buying more!", "review": "It was a birthday gift for my husband and it fit Great. I already washed it and there were minimal wrinkles. My husband is 5'11 230lb. Color was awesome too.", "rating": 2.0, "ip": "127.0.0.18", "status": true, "created_at": "2021-07-27T09:05:29.264Z", "updated_at": "2021-07-27T14:35:19.978Z"}}, {"model": "store.reviewrating", "pk": 19, "fields": {"product": 16, "user": 8, "subject": "Excellent", "review": "Great fabric quality, very soft!", "rating": 3.0, "ip": "127.0.0.19", "status": true, "created_at": "2021-07-27T09:05:29.264Z", "updated_at": "2021-07-27T14:35:19.978Z"}}, {"model": "store.reviewrating", "pk": 20, "fields": {"product": 2, "user": 8, "subject": "Good quality", "review": "The fit was perfect", "rating": 4.0, "ip": "127.0.0.20", "status": true, "created_at": "2021-07-27T09:05:29.264Z", "updated_at": "2021-07-27T14:35:19.978Z"}}, {"model": "store.reviewrating", "pk": 21, "fields": {"product": 6, "user": 8, "subject": "Cool n comfortable!", "review": "I love this material. THIN and COOL for the tropics. Easy wash n dry.", "rating": 2.0, "ip": "127.0.0.21", "status": true, "created_at": "2021-07-27T09:05:29.264Z", "updated_at": "2021-07-27T14:35:19.978Z"}}, {"model": "store.reviewrating", "pk": 22, "fields": {"product": 20, "user": 8, "subject": "Love it", "review": "Like it fit well", "rating": 2.0, "ip": "127.0.0.22", "status": true, "created_at": "2021-07-27T09:05:29.264Z", "updated_at": "2021-07-27T14:35:19.978Z"}}, {"model": "store.reviewrating", "pk": 23, "fields": {"product": 18, "user": 8, "subject": "Will be buying more!", "review": "It was a birthday gift for my husband and it fit Great. I already washed it and there were minimal wrinkles. My husband is 5'11 230lb. Color was awesome too.", "rating": 3.0, "ip": "127.0.0.23", "status": true, "created_at": "2021-07-27T09:05:29.264Z", "updated_at": "2021-07-27T14:35:19.978Z"}}, {"model": "store.reviewrating", "pk": 24, "fields": {"product": 4, "user": 8, "subject": "Excellent", "review": "Great fabric quality, very soft!", "rating": 3.0, "ip": "127.0.0.24", "status": true, "created_at": "2021-07-27T09:05:29.264Z", "updated_at": "2021-07-27T14:35:19.978Z"}}, {"model": "store.reviewrating", "pk": 25, "fields": {"product": 10, "user": 8, "subject": "Good quality", "review": "The fit was perfect", "rating": 1.0, "ip": "127.0.0.25", "status": true, "created_at": "2021-07-27T09:05:29.264Z", "updated_at": "2021-07-27T14:35:19.978Z"}}, {"model": "store.reviewrating", "pk": 26, "fields": {"product": 11, "user": 8, "subject": "Cool n comfortable!", "review": "I love this material. THIN and COOL for the tropics. Easy wash n dry.", "rating": 2.0, "ip": "127.0.0.26", "status": true, "created_at": "2021-07-27T09:05:29.264Z", "updated_at": "2021-07-27T14:35:19.978Z"}}, {"model": "store.reviewrating", "pk": 27, "fields": {"product": 15, "user": 8, "subject": "Love it", "review": "Like it fit well", "rating": 5.0, "ip": "127.0.0.27", "status": true, "created_at": "2021-07-27T09:05:29.264Z", "updated_at": "2021-07-27T14:35:19.978Z"}}, {"model": "store.reviewrating", "pk": 28, "fields": {"product": 22, "user": 8, "subject": "Will be buying more!", "review": "It was a birthday gift for my husband and it fit Great. I already washed it and there were minimal wrinkles. My husband is 5'11 230lb. Color was awesome too.", "rating": 4.0, "ip": "127.0.0.28", "status": true, "created_at": "2021-07-27T09:05:29.264Z", "updated_at": "2021-07-27T14:35:19.978Z"}}, {"model": "store.reviewrating", "pk": 29, "fields": {"product": 9, "user": 8, "subject": "Excellent", "review": "Great fabric quality, very soft!", "rating": 3.0, "ip": "127.0.0.29", "status": true, "created_at": "2021-07-27T09:05:29.264Z", "updated_at": "2021-07-27T14:35:19.978Z"}}, {"model": "store.reviewrating", "pk": 30, "fields": {"product": 14, "user": 8, "subject": "Good quality", "review": "The fit was perfect", "rating": 5.0, "ip": "127.0.0.30", "status": true, "created_at": "2021-07-27T09:05:29.264Z", "updated_at": "2021-07-27T14:35:19.978Z"}}, {"model": "store.reviewrating", "pk": 31, "fields": {"product": 9, "user": 8, "subject": "Cool n comfortable!", "review": "I love this material. THIN and COOL for the tropics. Easy wash n dry.", "rating": 2.0, "ip": "127.0.0.31", "status": true, "created_at": "2021-07-27T09:05:29.264Z", "updated_at": "2021-07-27T14:35:19.978Z"}}, {"model": "store.reviewrating", "pk": 32, "fields": {"product": 25, "user": 8, "subject": "Love it", "review": "Like it fit well", "rating": 5.0, "ip": "127.0.0.32", "status": true, "created_at": "2021-07-27T09:05:29.264Z", "updated_at": "2021-07-27T14:35:19.978Z"}}, {"model": "store.reviewrating", "pk": 33, "fields": {"product": 19, "user": 8, "subject": "Will be buying more!", "review": "It was a birthday gift for my husband and it fit Great. I already washed it and there were minimal wrinkles. My husband is 5'11 230lb. Color was awesome too.", "rating": 5.0, "ip": "127.0.0.33", "status": true, "created_at": "2021-07-27T09:05:29.264Z", "updated_at": "2021-07-27T14:35:19.978Z"}}, {"model": "store.reviewrating", "pk": 34, "fields": {"product": 19, "user": 8, "subject": "Excellent", "review": "Great fabric quality, very soft!", "rating": 4.0, "ip": "127.0.0.34", "status": true, "created_at": "2021-07-27T09:05:29.264Z", "updated_at": "2021-07-27T14:35:19.978Z"}}, {"model": "store.reviewrating", "pk": 35, "fields": {"product": 17, "user": 8, "subject": "Good quality", "review": "The fit was perfect", "rating": 2.0, "ip": "127.0.0.35", "status": true, "created_at": "2021-07-27T09:05:29.264Z", "updated_at": "2021-07-27T14:35:19.978Z"}}, {"model": "store.reviewrating", "pk": 36, "fields": {"product": 5, "user": 8, "subject": "Cool n comfortable!", "review": "I love this material. THIN and COOL for the tropics. Easy wash n dry.", "rating": 1.0, "ip": "127.0.0.36", "status": true, "created_at": "2021-07-27T09:05:29.264Z", "updated_at": "2021-07-27T14:35:19.978Z"}}, {"model": "store.reviewrating", "pk": 37, "fields": {"product": 15, "user": 8, "subject": "Love it", "review": "Like it fit well", "rating": 2.0, "ip": "127.0.0.37", "status": true, "created_at": "2021-07-27T09:05:29.264Z", "updated_at": "2021-07-27T14:35:19.978Z"}}, {"model": "store.reviewrating", "pk": 38, "fields": {"product": 9, "user": 8, "subject": "Will be buying more!", "review": "It was a birthday gift for my husband and it fit Great. I already washed it and there were minimal wrinkles. My husband is 5'11 230lb. Color was awesome too.", "rating": 5.0, "ip": "127.0.0.38", "status": true, "created_at": "2021-07-27T09:05:29.264Z", "updated_at": "2021-07-27T14:35:19.978Z"}}, {"model": "store.reviewrating", "pk": 39, "fields": {"product": 7, "user": 8, "subject": "Excellent", "review": "Great fabric quality, very soft!", "rating": 2.0, "ip": "127.0.0.39", "status": true, "created_at": "2021-07-27T09:05:29.264Z", "updated_at": "2021-07-27T14:35:19.978Z"}}, {"model": "store.reviewrating", "pk": 40, "fields": {"product": 5, "user": 8, "subject": "Good quality", "review": "The fit was perfect", "rating": 5.0, "ip": "127.0.0.40", "status": true, "created_at": "2021-07-27T09:05:29.264Z", "updated_at": "2021-07-27T14:35:19.978Z"}}, {"model": "store.reviewrating", "pk": 41, "fields": {"product": 19, "user": 13, "subject": "nice!", "review": "good shirt", "rating": 5.0, "ip": "127.0.0.1", "status": true, "created_at": "2021-07-27T15:19:58.208Z", "updated_at": "2021-07-27T15:19:58.208Z"}}, {"model": "carts.cart", "pk": 46, "fields": {"cart_id": "weuicvw9z0iauohq200otr3ghwt234d7", "date_added": "2021-07-27"}}, {"model": "carts.cart", "pk": 47, "fields": {"cart_id": "gko09keqlrcq21fnpn7uonftisngff14", "date_added": "2021-07-27"}}, {"model": "orders.payment", "pk": 37, "fields": {"user": 13, "payment_id": "payment_id_zhompa9000@govnilo.com", "payment_method": "test_payment_method", "amount_paid": "256.88", "status": "", "created_at": "2021-07-27T15:17:58.304Z"}}, {"model": "orders.order", "pk": 36, "fields": {"user": 13, "payment": 37, "order_number": "2021072736", "first_name": "zho", "last_name": "zhozho", "phone": "+453453426456456", "email": "zhompa9000@govnilo.com", "address_line_1": "huyadress 24", "address_line_2": "nit", "country": "huyantry", "state": "hueit", "city": "huity", "order_note": "puke on my order", "order_total": 251.94, "tax": 4.94, "status": "New", "ip": "127.0.0.1", "is_ordered": true, "created_at": "2021-07-27T15:17:52.240Z", "updated_at": "2021-07-27T15:17:58.327Z"}}, {"model": "orders.orderproduct", "pk": 23, "fields": {"order": 36, "payment": 37, "user": 13, "product": 19, "quantity": 2, "product_price": 33.0, "ordered": true, "created_at": "2021-07-27T15:17:58.354Z", "updated_at": "2021-07-27T15:17:58.416Z", "variations": [92, 95]}}, {"model": "orders.orderproduct", "pk": 24, "fields": {"order": 36, "payment": 37, "user": 13, "product": 19, "quantity": 1, "product_price": 33.0, "ordered": true, "created_at": "2021-07-27T15:17:58.477Z", "updated_at": "2021-07-27T15:17:58.550Z", "variations": [91, 94]}}, {"model": "orders.orderproduct", "pk": 25, "fields": {"order": 36, "payment": 37, "user": 13, "product": 13, "quantity": 1, "product_price": 148.0, "ordered": true, "created_at": "2021-07-27T15:17:58.627Z", "updated_at": "2021-07-27T15:17:58.701Z", "variations": [61, 64]}}]